g491.t1	Bimp_SUPER_3	83.673	196	32	0	80	275	57515856	57516443	2.24e-112	358	275	58899673
g491.t1	Bimp_SUPER_3	40.625	192	109	2	82	271	30740024	30739458	1.67e-44	164	275	58899673
g491.t1	Bimp_SUPER_3	33.333	195	111	3	84	259	26562475	26563059	6.75e-22	98.6	275	58899673
g491.t1	Bimp_SUPER_3	33.679	193	118	6	83	267	6558477	6559049	1.05e-18	89.0	275	58899673
g491.t1	Bimp_SUPER_3	70.909	55	16	0	1	55	57514983	57515147	2.77e-18	87.8	275	58899673
g491.t1	Bimp_SUPER_3	31.606	193	122	5	83	267	39976813	39977385	4.42e-17	84.3	275	58899673
g491.t1	Bimp_SUPER_3	26.636	214	128	10	80	274	55273420	55274031	7.06e-10	62.8	275	58899673
g491.t1	Bimp_SUPER_3	32.479	117	74	2	79	191	37343512	37343165	4.69e-09	60.1	275	58899673
g491.t1	Bimp_SUPER_2	64.975	197	69	0	79	275	1746167	1746757	1.38e-83	276	275	64544997
g491.t1	Bimp_SUPER_2	30.000	210	123	4	83	268	55070943	55070314	2.84e-21	96.7	275	64544997
g491.t1	Bimp_SUPER_2	34.715	193	116	6	83	267	14218102	14217530	3.74e-18	87.4	275	64544997
g491.t1	Bimp_SUPER_2	31.548	168	103	5	112	272	62944358	62943870	1.14e-17	85.9	275	64544997
g491.t1	Bimp_SUPER_2	27.000	200	129	6	84	267	48448627	48449223	6.11e-15	77.8	275	64544997
g491.t1	Bimp_SUPER_GRC	61.250	160	57	2	116	275	68072047	68071583	4.21e-57	200	275	90485009
g491.t1	Bimp_SUPER_GRC	41.146	192	106	2	80	269	83801937	83801377	9.80e-46	167	275	90485009
g491.t1	Bimp_SUPER_GRC	32.547	212	121	5	78	267	42903076	42903711	8.41e-24	103	275	90485009
g491.t1	Bimp_SUPER_GRC	32.547	212	121	5	78	267	46449708	46449073	8.41e-24	103	275	90485009
g491.t1	Bimp_SUPER_GRC	30.857	175	99	6	114	272	41482397	41482903	4.14e-17	84.3	275	90485009
g491.t1	Bimp_SUPER_GRC	31.606	193	122	5	83	267	64475314	64475886	4.42e-17	84.3	275	90485009
g491.t1	Bimp_SUPER_GRC	30.864	162	103	5	116	272	59365322	59364849	2.98e-14	75.9	275	90485009
g491.t1	Bimp_SUPER_GRC	40.625	64	38	0	112	175	68328492	68328683	1.94e-13	56.6	275	90485009
g491.t1	Bimp_SUPER_GRC	33.846	65	37	2	207	267	68328773	68328961	1.94e-13	40.0	275	90485009
g491.t1	Bimp_SUPER_GRC	30.061	163	98	6	114	268	42947413	42946949	7.69e-13	71.6	275	90485009
g491.t1	Bimp_SUPER_GRC	57.143	49	21	0	6	54	68072841	68072695	5.63e-09	60.1	275	90485009
g491.t1	Bimp_SUPER_GRC	24.138	145	101	3	122	260	50450495	50450070	2.32e-07	55.1	275	90485009
g491.t1	Bimp_SUPER_GRC	47.826	46	24	0	161	206	84142598	84142735	4.78e-07	51.6	275	90485009
g491.t1	Bimp_SUPER_GRC	48.000	25	13	0	203	227	84142723	84142797	4.78e-07	22.7	275	90485009
g491.t1	Bimp_SUPER_GRC	43.590	39	20	1	117	155	84652246	84652356	3.83e-06	38.9	275	90485009
g491.t1	Bimp_SUPER_GRC	25.532	94	59	3	180	267	84652418	84652684	3.83e-06	32.3	275	90485009
g491.t1	Bimp_SUPER_1	43.158	190	104	2	82	269	63425149	63425712	8.45e-47	170	275	99073636
g491.t1	Bimp_SUPER_1	45.882	85	46	0	82	166	78884268	78884522	4.60e-28	95.9	275	99073636
g491.t1	Bimp_SUPER_1	37.805	82	47	2	190	269	78884519	78884758	4.60e-28	50.1	275	99073636
g491.t1	Bimp_SUPER_1	33.019	212	120	5	78	267	80837547	80836912	1.05e-25	109	275	99073636
g491.t1	Bimp_SUPER_1	33.173	208	116	4	84	268	62173327	62172704	6.39e-24	104	275	99073636
g491.t1	Bimp_SUPER_1	32.243	214	110	4	83	268	875694	876314	1.39e-21	97.4	275	99073636
g491.t1	Bimp_SUPER_1	31.746	189	118	6	84	267	59850121	59849573	7.78e-18	86.7	275	99073636
g491.t1	Bimp_SUPER_1	31.818	176	101	4	82	238	35556772	35556245	9.35e-14	74.3	275	99073636
g491.t1	Bimp_SUPER_X	43.158	190	104	2	82	269	30507385	30507948	8.86e-47	170	275	65148993
g491.t1	Bimp_SUPER_X	33.679	193	118	6	83	267	43496211	43496783	2.77e-18	87.8	275	65148993
g491.t1	Bimp_SUPER_X	34.715	193	116	6	83	267	65003198	65002626	3.88e-18	87.4	275	65148993
g491.t1	Bimp_SUPER_X	33.161	193	119	6	83	267	65061149	65061721	4.35e-18	87.4	275	65148993
g491.t1	SCAFFOLD_390	26.126	111	76	1	80	190	4150	4464	2.21e-07	55.1	275	16607
g596.t1	Bimp_SUPER_X	67.742	403	128	2	101	503	63242706	63241504	2.08e-176	557	580	65148993
g596.t1	Bimp_SUPER_X	60.577	416	159	2	90	505	52860902	52862134	7.93e-163	518	580	65148993
g596.t1	Bimp_SUPER_X	33.149	181	106	5	111	288	63813454	63812948	1.27e-37	103	580	65148993
g596.t1	Bimp_SUPER_X	38.235	136	78	2	310	440	63812934	63812530	1.27e-37	76.3	580	65148993
g596.t1	Bimp_SUPER_X	33.735	249	147	7	91	328	64397060	64397785	1.37e-31	134	580	65148993
g596.t1	Bimp_SUPER_X	52.632	95	44	1	6	100	63243213	63242932	5.51e-20	98.2	580	65148993
g596.t1	Bimp_SUPER_X	36.607	112	71	0	366	477	64397953	64398288	2.37e-15	83.6	580	65148993
g596.t1	Bimp_SUPER_X	38.938	113	59	2	16	120	52860443	52860775	2.77e-13	76.6	580	65148993
g596.t1	Bimp_SUPER_X	30.380	79	49	2	116	190	64099468	64099238	4.62e-06	38.5	580	65148993
g596.t1	Bimp_SUPER_X	37.931	58	35	1	194	250	64099238	64099065	4.62e-06	33.9	580	65148993
g596.t1	Bimp_SUPER_2	60.337	416	160	2	90	505	56860875	56859643	6.71e-162	515	580	64544997
g596.t1	Bimp_SUPER_2	57.389	406	170	3	100	504	53412748	53413959	9.02e-148	474	580	64544997
g596.t1	Bimp_SUPER_2	57.389	406	165	3	99	502	55443732	55442533	7.16e-146	469	580	64544997
g596.t1	Bimp_SUPER_2	81.022	274	52	0	232	505	2104971	2105792	6.98e-137	443	580	64544997
g596.t1	Bimp_SUPER_2	65.595	311	103	3	100	407	2618575	2617646	1.07e-128	405	580	64544997
g596.t1	Bimp_SUPER_2	81.818	44	8	0	423	466	2617593	2617462	1.07e-128	78.6	580	64544997
g596.t1	Bimp_SUPER_2	78.846	260	55	0	232	491	1868839	1869618	1.07e-124	408	580	64544997
g596.t1	Bimp_SUPER_2	61.824	296	112	1	196	490	2599441	2600328	5.63e-110	365	580	64544997
g596.t1	Bimp_SUPER_2	56.061	264	102	3	142	405	1596394	1595645	1.31e-109	301	580	64544997
g596.t1	Bimp_SUPER_2	64.835	91	30	2	403	492	1595648	1595379	1.31e-109	119	580	64544997
g596.t1	Bimp_SUPER_2	56.489	262	100	3	143	404	1680558	1679815	3.10e-109	298	580	64544997
g596.t1	Bimp_SUPER_2	72.152	79	21	1	403	480	1679815	1679579	3.10e-109	120	580	64544997
g596.t1	Bimp_SUPER_2	37.611	226	136	3	104	328	58699618	58700283	1.90e-59	152	580	64544997
g596.t1	Bimp_SUPER_2	33.108	148	89	1	351	498	58700402	58700815	1.90e-59	99.8	580	64544997
g596.t1	Bimp_SUPER_2	34.597	211	130	4	158	366	2577006	2576392	3.10e-41	112	580	64544997
g596.t1	Bimp_SUPER_2	38.889	108	66	0	370	477	2576314	2575991	3.10e-41	79.7	580	64544997
g596.t1	Bimp_SUPER_2	34.685	222	133	7	99	318	4062806	4062171	2.62e-28	124	580	64544997
g596.t1	Bimp_SUPER_2	31.925	213	137	5	109	320	3144136	3144753	4.15e-25	114	580	64544997
g596.t1	Bimp_SUPER_2	31.925	213	137	5	109	320	3149163	3149780	4.15e-25	114	580	64544997
g596.t1	Bimp_SUPER_2	31.925	213	137	5	109	320	3368497	3367880	4.15e-25	114	580	64544997
g596.t1	Bimp_SUPER_2	31.925	213	137	5	109	320	3362282	3361665	4.15e-25	114	580	64544997
g596.t1	Bimp_SUPER_2	36.478	159	98	2	342	500	4061982	4061515	2.97e-20	99.0	580	64544997
g596.t1	Bimp_SUPER_2	36.667	120	75	1	359	477	3145056	3145415	3.15e-16	86.3	580	64544997
g596.t1	Bimp_SUPER_2	36.667	120	75	1	359	477	3150083	3150442	3.15e-16	86.3	580	64544997
g596.t1	Bimp_SUPER_2	36.667	120	75	1	359	477	3367577	3367218	3.15e-16	86.3	580	64544997
g596.t1	Bimp_SUPER_2	36.667	120	75	1	359	477	3361362	3361003	3.15e-16	86.3	580	64544997
g596.t1	Bimp_SUPER_2	38.938	113	59	2	16	120	56861334	56861002	2.22e-13	77.0	580	64544997
g596.t1	Bimp_SUPER_2	70.455	44	13	0	101	144	1682839	1682708	1.01e-11	71.6	580	64544997
g596.t1	Bimp_SUPER_2	70.455	44	13	0	101	144	1599126	1598995	1.25e-11	71.6	580	64544997
g596.t1	Bimp_SUPER_2	50.685	73	35	1	5	76	2621530	2621312	1.46e-10	68.2	580	64544997
g596.t1	Bimp_SUPER_2	43.750	80	44	1	6	84	1599821	1599582	1.54e-10	67.8	580	64544997
g596.t1	Bimp_SUPER_2	30.968	155	86	4	137	283	1248523	1248098	1.75e-10	67.8	580	64544997
g596.t1	Bimp_SUPER_2	42.500	80	45	1	6	84	1683219	1682980	3.91e-10	66.6	580	64544997
g596.t1	Bimp_SUPER_2	38.596	114	46	3	405	505	2617655	2617347	3.59e-09	63.5	580	64544997
g596.t1	Bimp_SUPER_2	32.174	115	70	3	388	500	2644075	2644401	3.24e-08	60.5	580	64544997
g596.t1	Bimp_SUPER_2	32.143	112	76	0	366	477	869201	869536	3.47e-08	60.5	580	64544997
g596.t1	Bimp_SUPER_2	41.000	100	57	2	2	100	55444268	55443972	2.24e-07	57.8	580	64544997
g596.t1	Bimp_SUPER_2	44.156	77	35	1	24	100	2619032	2618826	5.82e-07	56.2	580	64544997
g596.t1	Bimp_SUPER_2	34.483	87	56	1	240	326	868103	868360	1.19e-06	55.5	580	64544997
g596.t1	Bimp_SUPER_2	30.645	124	72	3	13	123	53412220	53412588	7.54e-06	52.8	580	64544997
g596.t1	Bimp_SUPER_3	60.577	416	159	2	90	505	12250645	12251877	9.38e-161	512	580	58899673
g596.t1	Bimp_SUPER_3	57.848	446	181	4	65	505	22098698	22100029	2.36e-157	502	580	58899673
g596.t1	Bimp_SUPER_3	31.401	414	252	7	106	494	3856722	3855502	4.91e-56	207	580	58899673
g596.t1	Bimp_SUPER_3	30.918	414	254	7	106	494	37011780	37013000	1.26e-54	204	580	58899673
g596.t1	Bimp_SUPER_3	34.256	289	174	6	104	389	975122	974295	3.40e-49	150	580	58899673
g596.t1	Bimp_SUPER_3	38.889	90	55	0	388	477	974299	974030	3.40e-49	67.8	580	58899673
g596.t1	Bimp_SUPER_3	31.925	213	137	5	109	320	3536512	3537129	2.96e-25	114	580	58899673
g596.t1	Bimp_SUPER_3	31.925	213	137	5	109	320	11765193	11764576	3.15e-25	114	580	58899673
g596.t1	Bimp_SUPER_3	36.667	120	75	1	359	477	3537372	3537731	3.65e-16	86.3	580	58899673
g596.t1	Bimp_SUPER_3	35.833	120	76	1	359	477	11764333	11763974	5.52e-16	85.5	580	58899673
g596.t1	Bimp_SUPER_3	50.000	56	28	0	16	71	12250187	12250354	8.21e-08	58.9	580	58899673
g596.t1	Bimp_SUPER_GRC	57.399	446	183	4	65	505	45235147	45233816	1.44e-156	499	580	90485009
g596.t1	Bimp_SUPER_GRC	36.096	374	229	5	104	477	50129634	50128543	3.14e-63	229	580	90485009
g596.t1	Bimp_SUPER_GRC	32.273	440	259	10	65	477	24600919	24599636	1.26e-60	221	580	90485009
g596.t1	Bimp_SUPER_GRC	35.230	369	232	5	109	477	20719545	20720630	1.45e-53	200	580	90485009
g596.t1	SCAFFOLD_311	59.444	360	138	2	196	554	2933	1875	7.94e-129	419	580	25849
g596.t1	SCAFFOLD_311	43.038	158	84	4	61	216	3790	3329	2.63e-33	139	580	25849
g596.t1	SCAFFOLD_311	50.000	90	44	1	11	100	4183	3917	1.12e-13	78.2	580	25849
g596.t1	Bimp_SUPER_1	59.444	360	138	2	196	554	33851538	33850480	8.42e-129	419	580	99073636
g596.t1	Bimp_SUPER_1	62.544	283	104	1	221	503	96885215	96886057	2.70e-104	348	580	99073636
g596.t1	Bimp_SUPER_1	48.696	230	105	5	278	500	87683434	87682763	3.74e-64	158	580	99073636
g596.t1	Bimp_SUPER_1	49.565	115	57	1	166	280	87683774	87683433	3.74e-64	109	580	99073636
g596.t1	Bimp_SUPER_1	31.707	451	265	11	65	488	26692853	26691549	7.61e-57	210	580	99073636
g596.t1	Bimp_SUPER_1	32.045	440	239	10	106	499	49196331	49195054	9.54e-53	198	580	99073636
g596.t1	Bimp_SUPER_1	43.038	158	84	4	61	216	33852395	33851934	3.26e-33	139	580	99073636
g596.t1	Bimp_SUPER_1	35.945	217	125	5	106	318	35586935	35586315	9.71e-31	132	580	99073636
g596.t1	Bimp_SUPER_1	42.500	80	28	5	349	426	67503246	67503437	2.37e-23	53.5	580	99073636
g596.t1	Bimp_SUPER_1	56.250	48	21	0	271	318	67503046	67503189	2.37e-23	52.0	580	99073636
g596.t1	Bimp_SUPER_1	46.809	47	23	1	218	262	67502874	67503014	2.37e-23	46.2	580	99073636
g596.t1	Bimp_SUPER_1	31.138	167	91	2	354	499	35586156	35585665	1.68e-16	87.0	580	99073636
g596.t1	Bimp_SUPER_1	50.000	90	44	1	11	100	33852788	33852522	1.12e-13	78.2	580	99073636
g596.t1	Bimp_SUPER_1	39.604	101	53	3	200	296	67593757	67594047	2.48e-10	67.4	580	99073636
g596.t1	Bimp_SUPER_1	50.000	66	31	2	102	167	87686650	87686459	4.11e-10	66.6	580	99073636
g596.t1	SCAFFOLD_290	35.768	397	221	7	104	477	4878	3721	1.63e-62	227	580	29673
g6396.t1	Bimp_SUPER_GRC	42.561	531	279	10	1	506	73719706	73718117	1.17e-127	413	509	90485009
g6396.t1	Bimp_SUPER_GRC	45.833	480	243	5	31	507	42945352	42946749	3.07e-124	403	509	90485009
g6396.t1	Bimp_SUPER_GRC	43.208	530	274	10	1	504	71092846	71091260	1.50e-121	395	509	90485009
g6396.t1	Bimp_SUPER_GRC	42.647	204	112	4	31	231	59372959	59373564	5.78e-80	167	509	90485009
g6396.t1	Bimp_SUPER_GRC	42.647	204	112	4	31	231	59383545	59384150	5.78e-80	167	509	90485009
g6396.t1	Bimp_SUPER_GRC	37.367	281	151	6	243	501	59373612	59374445	5.78e-80	153	509	90485009
g6396.t1	Bimp_SUPER_GRC	37.367	281	151	6	243	501	59384198	59385031	5.78e-80	153	509	90485009
g6396.t1	Bimp_SUPER_GRC	31.086	534	322	16	2	501	89291135	89289570	1.13e-63	228	509	90485009
g6396.t1	Bimp_SUPER_GRC	34.532	417	243	9	105	504	13908916	13907705	4.84e-61	220	509	90485009
g6396.t1	Bimp_SUPER_GRC	28.885	547	345	14	2	509	77229555	77227930	9.15e-59	214	509	90485009
g6396.t1	Bimp_SUPER_GRC	30.488	410	273	7	31	435	45685561	45684353	1.11e-54	202	509	90485009
g6396.t1	Bimp_SUPER_GRC	28.650	548	337	16	2	507	88523156	88524763	2.78e-52	194	509	90485009
g6396.t1	Bimp_SUPER_GRC	41.406	256	141	5	1	252	68322417	68323169	2.04e-50	189	509	90485009
g6396.t1	Bimp_SUPER_GRC	29.213	445	292	11	1	435	45688031	45686736	6.02e-50	187	509	90485009
g6396.t1	Bimp_SUPER_GRC	29.204	452	291	13	2	435	1276990	1275668	1.42e-44	172	509	90485009
g6396.t1	Bimp_SUPER_GRC	28.267	375	241	14	133	491	44039033	44037945	1.40e-43	111	509	90485009
g6396.t1	Bimp_SUPER_GRC	40.952	105	61	1	24	127	44039368	44039054	1.40e-43	87.8	509	90485009
g6396.t1	Bimp_SUPER_GRC	30.909	275	176	8	31	295	47980790	47979978	2.11e-30	129	509	90485009
g6396.t1	Bimp_SUPER_GRC	33.014	209	130	4	32	230	89513669	89514295	2.15e-28	123	509	90485009
g6396.t1	Bimp_SUPER_GRC	32.057	209	119	6	36	230	36449829	36449230	3.23e-26	117	509	90485009
g6396.t1	Bimp_SUPER_GRC	27.961	304	202	7	192	485	45671216	45672106	1.69e-24	111	509	90485009
g6396.t1	Bimp_SUPER_GRC	28.413	271	184	6	150	418	44031146	44030358	4.42e-24	110	509	90485009
g6396.t1	Bimp_SUPER_GRC	34.906	212	120	5	307	501	68323193	68323825	2.76e-19	95.5	509	90485009
g6396.t1	Bimp_SUPER_GRC	29.851	134	92	1	87	218	44027663	44027262	1.90e-17	80.5	509	90485009
g6396.t1	Bimp_SUPER_GRC	25.490	102	57	4	2	84	44027976	44027671	1.90e-17	30.8	509	90485009
g6396.t1	Bimp_SUPER_GRC	42.857	98	55	1	26	122	44036273	44035980	2.70e-17	89.0	509	90485009
g6396.t1	Bimp_SUPER_GRC	21.831	426	297	11	26	430	16627830	16629062	1.42e-15	83.6	509	90485009
g6396.t1	Bimp_SUPER_GRC	28.042	189	116	4	2	170	49486252	49485686	1.48e-15	83.6	509	90485009
g6396.t1	Bimp_SUPER_GRC	25.342	292	203	9	154	435	46306846	46305986	2.71e-14	79.7	509	90485009
g6396.t1	Bimp_SUPER_GRC	42.683	82	42	3	1	80	84255741	84255977	5.89e-06	52.8	509	90485009
g6396.t1	Bimp_SUPER_X	42.722	529	277	9	1	504	47738111	47736528	5.99e-125	405	509	65148993
g6396.t1	Bimp_SUPER_X	30.074	542	337	13	2	507	52468883	52467276	2.31e-63	227	509	65148993
g6396.t1	Bimp_SUPER_X	28.958	480	284	15	2	435	16437639	16436233	4.51e-45	173	509	65148993
g6396.t1	Bimp_SUPER_X	33.191	235	134	7	30	249	35763168	35763848	3.67e-33	137	509	65148993
g6396.t1	Bimp_SUPER_X	25.581	215	153	4	32	239	60142109	60141465	7.43e-16	84.7	509	65148993
g6396.t1	Bimp_SUPER_1	31.793	541	322	15	1	508	65301298	65299718	1.88e-66	236	509	99073636
g6396.t1	Bimp_SUPER_1	31.393	481	295	12	1	454	79833863	79832445	3.68e-62	223	509	99073636
g6396.t1	Bimp_SUPER_1	32.522	452	284	12	2	436	53064247	53065590	1.83e-61	221	509	99073636
g6396.t1	Bimp_SUPER_1	30.829	519	328	12	9	506	23432578	23434104	1.48e-58	213	509	99073636
g6396.t1	Bimp_SUPER_1	30.214	513	328	14	2	500	66569624	66568134	6.60e-58	211	509	99073636
g6396.t1	Bimp_SUPER_1	31.878	458	282	10	2	436	66239863	66238511	1.52e-57	210	509	99073636
g6396.t1	Bimp_SUPER_1	30.266	489	298	14	1	463	59294018	59292603	1.65e-55	204	509	99073636
g6396.t1	Bimp_SUPER_1	27.425	536	342	11	2	501	11603492	11601918	2.04e-47	180	509	99073636
g6396.t1	Bimp_SUPER_1	26.397	519	340	14	1	485	70624300	70625832	3.79e-39	155	509	99073636
g6396.t1	Bimp_SUPER_1	45.556	180	96	2	1	178	59849183	59848644	5.64e-39	155	509	99073636
g6396.t1	Bimp_SUPER_1	34.510	255	153	5	105	352	93007410	93006667	1.82e-34	142	509	99073636
g6396.t1	Bimp_SUPER_1	27.110	391	251	11	135	502	71068943	71070082	9.51e-34	139	509	99073636
g6396.t1	Bimp_SUPER_1	42.365	203	116	1	234	436	59848708	59848103	3.44e-27	119	509	99073636
g6396.t1	Bimp_SUPER_1	33.333	147	89	2	28	165	27032518	27032078	4.66e-27	87.4	509	99073636
g6396.t1	Bimp_SUPER_1	22.222	333	182	15	159	432	27032040	27031096	4.66e-27	56.6	509	99073636
g6396.t1	Bimp_SUPER_1	39.007	141	82	2	365	504	93006040	93005627	1.48e-20	99.4	509	99073636
g6396.t1	Bimp_SUPER_1	29.592	196	117	5	32	211	86272530	86271958	6.36e-20	97.4	509	99073636
g6396.t1	Bimp_SUPER_1	23.497	183	129	5	32	204	23078850	23079395	3.63e-07	56.6	509	99073636
g6396.t1	Bimp_SUPER_1	35.556	90	57	1	32	120	21464979	21464710	1.39e-06	54.7	509	99073636
g6396.t1	Bimp_SUPER_2	29.750	521	325	14	2	498	22194493	22192982	5.17e-54	199	509	64544997
g6396.t1	Bimp_SUPER_2	30.952	420	264	11	2	408	62652872	62651652	1.28e-49	187	509	64544997
g6396.t1	Bimp_SUPER_2	30.714	420	265	11	2	408	56669946	56671166	2.77e-48	183	509	64544997
g6396.t1	Bimp_SUPER_2	25.067	375	259	7	146	508	14878995	14880089	3.11e-40	110	509	64544997
g6396.t1	Bimp_SUPER_2	34.815	135	70	4	1	118	14878525	14878926	3.11e-40	77.8	509	64544997
g6396.t1	Bimp_SUPER_2	27.361	413	240	20	32	405	7497715	7496540	9.51e-28	121	509	64544997
g6396.t1	Bimp_SUPER_2	24.762	420	248	13	32	384	14829082	14830338	7.08e-26	115	509	64544997
g6396.t1	Bimp_SUPER_2	28.193	415	244	15	32	405	39444330	39445535	9.88e-26	115	509	64544997
g6396.t1	Bimp_SUPER_2	29.442	197	120	4	32	209	8732035	8731445	7.59e-20	97.1	509	64544997
g6396.t1	Bimp_SUPER_2	25.000	292	196	10	159	437	21129751	21128906	1.00e-10	68.2	509	64544997
g6396.t1	Bimp_SUPER_2	28.889	135	62	4	18	127	42884796	42884419	4.69e-07	56.2	509	64544997
g6396.t1	Bimp_SUPER_3	30.105	475	284	14	2	435	36299558	36300961	2.26e-50	189	509	58899673
g6396.t1	Bimp_SUPER_3	31.556	450	259	14	2	406	44502484	44503821	2.60e-45	174	509	58899673
g6396.t1	Bimp_SUPER_3	26.570	414	244	18	32	405	12778732	12779913	9.13e-27	118	509	58899673
g6396.t1	Bimp_SUPER_3	27.074	229	152	8	60	276	49544613	49545290	3.04e-12	73.2	509	58899673
g6396.t1	Bimp_SUPER_3	47.170	53	27	1	49	100	28376125	28376283	4.48e-06	53.1	509	58899673
g7958.t1	Bimp_SUPER_GRC	80.263	228	45	0	1	228	51686078	51686761	1.34e-125	396	266	90485009
g7958.t1	Bimp_SUPER_GRC	61.304	230	89	0	1	230	83937315	83936626	1.09e-91	299	266	90485009
g7958.t1	Bimp_SUPER_GRC	60.870	230	90	0	1	230	84009095	84008406	2.31e-91	298	266	90485009
g7958.t1	Bimp_SUPER_GRC	59.052	232	93	1	3	234	8207310	8207999	2.41e-90	295	266	90485009
g7958.t1	Bimp_SUPER_GRC	50.439	228	112	1	1	228	86534467	86535147	4.15e-69	234	266	90485009
g7958.t1	Bimp_SUPER_GRC	49.345	229	114	2	1	228	5823870	5823187	1.10e-67	230	266	90485009
g7958.t1	Bimp_SUPER_X	84.574	188	29	0	1	188	35589441	35588878	1.12e-109	336	266	65148993
g7958.t1	Bimp_SUPER_X	78.261	46	8	1	189	234	35588878	35588747	1.12e-109	75.1	266	65148993
g7958.t1	Bimp_SUPER_X	39.474	38	23	0	229	266	35588720	35588607	1.12e-109	29.3	266	65148993
g7958.t1	Bimp_SUPER_X	59.829	234	91	2	1	234	62654425	62655117	2.26e-91	298	266	65148993
g7958.t1	Bimp_SUPER_X	49.123	228	115	1	1	228	63461031	63460351	5.43e-67	228	266	65148993
g7958.t1	Bimp_SUPER_X	47.137	227	118	2	1	226	635089	635766	3.84e-58	202	266	65148993
g7958.t1	Bimp_SUPER_X	54.422	147	67	0	82	228	18124486	18124926	9.41e-51	170	266	65148993
g7958.t1	Bimp_SUPER_X	35.135	74	47	1	1	73	18124256	18124477	9.41e-51	49.7	266	65148993
g7958.t1	Bimp_SUPER_X	41.379	29	17	0	234	262	18124980	18125066	9.41e-51	23.1	266	65148993
g7958.t1	Bimp_SUPER_X	63.158	38	13	1	121	157	63019987	63019874	1.42e-06	52.4	266	65148993
g7958.t1	Bimp_SUPER_2	58.298	235	96	1	1	235	57592224	57592922	1.55e-90	295	266	64544997
g7958.t1	Bimp_SUPER_2	59.701	201	81	0	3	203	3108852	3108250	8.64e-80	265	266	64544997
g7958.t1	Bimp_SUPER_2	52.402	229	108	1	1	229	60940525	60941208	7.73e-73	244	266	64544997
g7958.t1	Bimp_SUPER_2	48.684	228	116	1	1	228	824048	823368	2.31e-66	226	266	64544997
g7958.t1	Bimp_SUPER_2	47.399	173	90	1	1	173	3311817	3311302	4.58e-52	160	266	64544997
g7958.t1	Bimp_SUPER_2	36.275	102	51	2	177	265	3311293	3310991	4.58e-52	65.9	266	64544997
g7958.t1	Bimp_SUPER_2	34.337	166	81	5	27	173	63460598	63461068	6.51e-13	71.6	266	64544997
g7958.t1	Bimp_SUPER_2	72.727	44	12	0	172	215	63460987	63461118	9.17e-12	68.2	266	64544997
g7958.t1	SCAFFOLD_153	59.402	234	92	2	1	234	47760	48452	3.20e-90	295	266	88951
g7958.t1	Bimp_SUPER_3	47.137	227	118	2	1	226	38415912	38415235	9.50e-58	201	266	58899673
g7958.t1	Bimp_SUPER_3	47.137	227	118	2	1	226	38412457	38411780	9.50e-58	201	266	58899673
g7958.t1	Bimp_SUPER_1	47.137	227	118	2	1	226	43763386	43762709	9.50e-58	201	266	99073636
g7958.t1	SCAFFOLD_287	47.399	173	90	1	1	173	5678	5163	5.84e-51	162	266	30572
g7958.t1	SCAFFOLD_287	51.923	52	25	0	177	228	5154	4999	5.84e-51	59.3	266	30572
g7958.t1	SCAFFOLD_287	37.931	29	18	0	234	262	4945	4859	5.84e-51	21.9	266	30572
g13362.t1	Bimp_SUPER_GRC	60.651	338	114	3	1	334	56954452	56953484	8.97e-131	414	334	90485009
g13362.t1	Bimp_SUPER_GRC	38.938	226	129	5	17	239	42842977	42842318	4.17e-46	171	334	90485009
g13362.t1	Bimp_SUPER_GRC	33.123	317	172	6	17	330	61411246	61412085	7.25e-46	170	334	90485009
g13362.t1	Bimp_SUPER_GRC	39.706	68	41	0	167	234	47601925	47602128	1.41e-09	62.8	334	90485009
g13362.t1	Bimp_SUPER_1	46.610	236	123	2	17	249	3434329	3435036	6.55e-66	228	334	99073636
g13362.t1	Bimp_SUPER_1	35.811	296	148	6	41	334	68773536	68774303	1.43e-47	175	334	99073636
g13362.t1	Bimp_SUPER_1	32.776	299	165	4	38	334	66983158	66983952	2.03e-47	174	334	99073636
g13362.t1	Bimp_SUPER_X	32.776	299	165	4	38	334	60461500	60460706	3.12e-47	174	334	65148993
g13362.t1	Bimp_SUPER_X	50.820	61	26	1	85	145	64009470	64009300	1.26e-18	63.2	334	65148993
g13362.t1	Bimp_SUPER_X	56.410	39	14	2	49	84	64009577	64009461	1.26e-18	51.6	334	65148993
g13362.t1	Bimp_SUPER_X	30.909	110	76	0	141	250	64007700	64007371	1.65e-08	59.7	334	65148993
g13362.t1	Bimp_SUPER_2	38.938	226	129	5	17	239	59587673	59587014	4.17e-46	171	334	64544997
g13362.t1	Bimp_SUPER_2	22.523	222	145	4	44	244	18156168	18156815	9.16e-06	50.8	334	64544997
g13363.t1	Bimp_SUPER_GRC	83.381	349	58	0	135	483	56963646	56962600	0.0	606	483	90485009
g13363.t1	Bimp_SUPER_GRC	90.265	113	11	0	23	135	56964046	56963708	0.0	186	483	90485009
g13363.t1	Bimp_SUPER_GRC	67.622	349	113	0	135	483	47768810	47769856	2.50e-180	483	483	90485009
g13363.t1	Bimp_SUPER_GRC	78.448	116	25	0	24	139	47768409	47768756	2.50e-180	172	483	90485009
g13363.t1	Bimp_SUPER_GRC	40.625	480	260	4	26	481	39154118	39155554	1.21e-105	348	483	90485009
g13363.t1	Bimp_SUPER_GRC	45.352	355	188	2	135	483	14140380	14141444	4.33e-102	281	483	90485009
g13363.t1	Bimp_SUPER_GRC	44.915	118	65	0	18	135	14139962	14140315	4.33e-102	113	483	90485009
g13363.t1	Bimp_SUPER_GRC	41.573	356	182	3	23	353	47613727	47614791	2.19e-90	243	483	90485009
g13363.t1	Bimp_SUPER_GRC	42.647	136	71	2	355	483	47614793	47615200	2.19e-90	112	483	90485009
g13363.t1	Bimp_SUPER_GRC	36.253	411	202	5	131	483	45011892	45010666	5.07e-84	226	483	90485009
g13363.t1	Bimp_SUPER_GRC	45.378	119	65	0	17	135	45012292	45011936	5.07e-84	108	483	90485009
g13363.t1	Bimp_SUPER_GRC	41.899	358	203	2	129	481	48475459	48476532	8.24e-82	280	483	90485009
g13363.t1	Bimp_SUPER_GRC	40.960	354	204	3	133	481	21019569	21020630	4.20e-78	269	483	90485009
g13363.t1	Bimp_SUPER_GRC	40.678	354	205	3	133	481	56251013	56249952	2.48e-77	267	483	90485009
g13363.t1	Bimp_SUPER_GRC	37.468	395	201	4	1	350	43188152	43186971	9.62e-62	221	483	90485009
g13363.t1	Bimp_SUPER_GRC	37.468	395	201	4	1	350	43173548	43172367	1.32e-61	221	483	90485009
g13363.t1	Bimp_SUPER_GRC	34.545	385	211	4	134	481	54503687	54502545	5.21e-61	219	483	90485009
g13363.t1	Bimp_SUPER_GRC	40.724	221	129	1	131	349	50416468	50417130	1.27e-59	146	483	90485009
g13363.t1	Bimp_SUPER_GRC	44.538	119	66	0	17	135	50416068	50416424	1.27e-59	106	483	90485009
g13363.t1	Bimp_SUPER_GRC	41.232	211	122	1	141	349	55182687	55182055	2.29e-59	143	483	90485009
g13363.t1	Bimp_SUPER_GRC	45.378	119	65	0	17	135	55183090	55182734	2.29e-59	108	483	90485009
g13363.t1	Bimp_SUPER_GRC	37.535	357	182	4	23	340	30972438	30971374	1.06e-58	213	483	90485009
g13363.t1	Bimp_SUPER_GRC	36.709	395	198	5	1	350	43180841	43179678	4.26e-58	211	483	90485009
g13363.t1	Bimp_SUPER_GRC	45.652	138	70	3	349	483	30982370	30982777	1.47e-48	125	483	90485009
g13363.t1	Bimp_SUPER_GRC	38.129	139	83	2	217	355	30981868	30982275	1.47e-48	89.7	483	90485009
g13363.t1	Bimp_SUPER_GRC	42.143	140	79	2	211	349	46992529	46992945	6.22e-48	111	483	90485009
g13363.t1	Bimp_SUPER_GRC	45.070	71	35	2	349	415	46993002	46993214	6.22e-48	62.0	483	90485009
g13363.t1	Bimp_SUPER_GRC	56.250	48	21	0	436	483	46993330	46993473	6.22e-48	61.2	483	90485009
g13363.t1	Bimp_SUPER_GRC	37.743	257	147	4	232	481	61424944	61425696	2.69e-47	179	483	90485009
g13363.t1	Bimp_SUPER_GRC	38.115	244	144	2	243	481	42837343	42838068	4.64e-47	178	483	90485009
g13363.t1	Bimp_SUPER_GRC	43.210	243	132	3	4	241	42835844	42836569	2.54e-45	173	483	90485009
g13363.t1	Bimp_SUPER_GRC	41.350	237	134	3	10	241	61423290	61424000	8.20e-42	163	483	90485009
g13363.t1	Bimp_SUPER_GRC	50.370	135	66	1	348	481	43151166	43151570	1.39e-35	144	483	90485009
g13363.t1	Bimp_SUPER_GRC	53.509	114	53	0	24	137	46991716	46992057	3.23e-35	113	483	90485009
g13363.t1	Bimp_SUPER_GRC	50.000	56	28	0	134	189	46992101	46992268	3.23e-35	57.8	483	90485009
g13363.t1	Bimp_SUPER_GRC	45.000	140	74	2	345	483	66617638	66617225	6.22e-34	139	483	90485009
g13363.t1	Bimp_SUPER_GRC	38.298	235	132	2	134	368	56866404	56867069	5.44e-33	137	483	90485009
g13363.t1	Bimp_SUPER_GRC	40.183	219	127	2	135	349	43149865	43150521	7.30e-33	136	483	90485009
g13363.t1	Bimp_SUPER_GRC	37.662	231	132	2	135	358	57908038	57907361	1.08e-31	132	483	90485009
g13363.t1	Bimp_SUPER_GRC	37.333	225	134	2	132	349	8060283	8059609	5.41e-31	130	483	90485009
g13363.t1	Bimp_SUPER_GRC	42.857	140	77	2	345	483	57907133	57906720	3.42e-30	128	483	90485009
g13363.t1	Bimp_SUPER_GRC	43.284	134	75	1	349	481	8057476	8057075	6.27e-30	127	483	90485009
g13363.t1	Bimp_SUPER_GRC	40.271	221	130	1	135	353	66618423	66617761	7.19e-30	127	483	90485009
g13363.t1	Bimp_SUPER_GRC	44.928	138	71	3	349	483	30971243	30970836	8.72e-30	127	483	90485009
g13363.t1	Bimp_SUPER_GRC	53.913	115	53	0	23	137	54504510	54504166	6.22e-28	121	483	90485009
g13363.t1	Bimp_SUPER_GRC	51.786	112	54	0	24	135	43149081	43149416	1.89e-26	117	483	90485009
g13363.t1	Bimp_SUPER_GRC	50.000	112	56	0	24	135	8061263	8060928	4.52e-26	115	483	90485009
g13363.t1	Bimp_SUPER_GRC	51.818	110	53	0	26	135	21018795	21019124	6.61e-26	115	483	90485009
g13363.t1	Bimp_SUPER_GRC	51.818	110	53	0	26	135	56251787	56251458	6.61e-26	115	483	90485009
g13363.t1	Bimp_SUPER_GRC	29.082	392	234	13	2	373	30696338	30695235	8.29e-26	115	483	90485009
g13363.t1	Bimp_SUPER_GRC	43.796	137	74	2	348	483	55181891	55181487	1.08e-25	114	483	90485009
g13363.t1	Bimp_SUPER_GRC	43.066	137	75	2	348	483	50417294	50417698	6.60e-25	112	483	90485009
g13363.t1	Bimp_SUPER_GRC	45.185	135	73	1	19	153	56866006	56866407	8.65e-24	108	483	90485009
g13363.t1	Bimp_SUPER_GRC	54.286	70	29	2	346	413	13659606	13659812	1.37e-23	75.5	483	90485009
g13363.t1	Bimp_SUPER_GRC	38.028	71	43	1	411	481	13659874	13660083	1.37e-23	56.6	483	90485009
g13363.t1	Bimp_SUPER_GRC	42.254	71	41	0	411	481	56867352	56867564	1.55e-23	68.9	483	90485009
g13363.t1	Bimp_SUPER_GRC	46.575	73	33	3	348	415	56867095	56867310	1.55e-23	62.8	483	90485009
g13363.t1	Bimp_SUPER_GRC	44.355	124	68	1	23	145	57908611	57908240	5.15e-23	106	483	90485009
g13363.t1	Bimp_SUPER_GRC	28.035	346	227	10	30	367	53123441	53122446	9.48e-23	105	483	90485009
g13363.t1	Bimp_SUPER_GRC	27.671	365	239	11	14	367	66752499	66751447	1.58e-22	105	483	90485009
g13363.t1	Bimp_SUPER_GRC	46.018	113	61	0	23	135	66619457	66619119	1.69e-22	105	483	90485009
g13363.t1	Bimp_SUPER_GRC	43.103	116	63	2	347	461	43186639	43186298	2.05e-22	104	483	90485009
g13363.t1	Bimp_SUPER_GRC	43.103	116	63	2	347	461	43179346	43179005	2.05e-22	104	483	90485009
g13363.t1	Bimp_SUPER_GRC	43.103	116	63	2	347	461	43172035	43171694	2.05e-22	104	483	90485009
g13363.t1	Bimp_SUPER_GRC	28.150	373	250	11	2	368	69959428	69960510	3.58e-20	97.8	483	90485009
g13363.t1	Bimp_SUPER_GRC	28.150	373	250	11	2	368	42522482	42521400	3.64e-20	97.8	483	90485009
g13363.t1	Bimp_SUPER_GRC	26.425	386	254	12	4	379	41337309	41336212	1.67e-19	95.9	483	90485009
g13363.t1	Bimp_SUPER_GRC	27.320	388	252	13	4	379	13857231	13856122	2.32e-19	95.1	483	90485009
g13363.t1	Bimp_SUPER_GRC	26.873	387	255	12	4	379	69558612	69557503	3.95e-19	94.7	483	90485009
g13363.t1	Bimp_SUPER_GRC	26.873	387	255	12	4	379	83261635	83262744	3.95e-19	94.7	483	90485009
g13363.t1	Bimp_SUPER_GRC	27.320	388	252	13	4	379	47951337	47952446	4.40e-19	94.4	483	90485009
g13363.t1	Bimp_SUPER_GRC	26.873	387	255	12	4	379	75501122	75502231	4.40e-19	94.4	483	90485009
g13363.t1	Bimp_SUPER_GRC	42.391	92	53	0	23	114	21190501	21190226	5.95e-19	94.0	483	90485009
g13363.t1	Bimp_SUPER_GRC	40.217	92	55	0	23	114	14274170	14273895	8.11e-18	90.5	483	90485009
g13363.t1	Bimp_SUPER_GRC	27.822	381	241	10	2	368	20290098	20291180	1.09e-17	90.1	483	90485009
g13363.t1	Bimp_SUPER_GRC	27.139	339	211	10	47	368	62294988	62294029	1.34e-15	83.6	483	90485009
g13363.t1	Bimp_SUPER_GRC	25.978	358	229	11	31	371	30483715	30482699	1.46e-15	83.2	483	90485009
g13363.t1	Bimp_SUPER_GRC	29.947	187	117	4	296	481	21189961	21189440	2.47e-14	79.3	483	90485009
g13363.t1	Bimp_SUPER_GRC	29.412	187	118	4	296	481	14273630	14273109	2.38e-13	76.3	483	90485009
g13363.t1	Bimp_SUPER_GRC	37.349	83	48	1	279	361	70348467	70348703	4.59e-09	62.8	483	90485009
g13363.t1	Bimp_SUPER_GRC	23.789	227	151	7	252	461	27675833	27675168	5.28e-08	59.3	483	90485009
g13363.t1	Bimp_SUPER_GRC	32.184	87	57	1	392	476	41334455	41334195	1.85e-07	57.4	483	90485009
g13363.t1	Bimp_SUPER_GRC	32.292	96	62	2	384	476	66750832	66750545	2.89e-07	57.0	483	90485009
g13363.t1	Bimp_SUPER_GRC	32.292	96	62	2	384	476	53121856	53121569	3.32e-07	56.6	483	90485009
g13363.t1	Bimp_SUPER_GRC	29.586	169	90	6	215	371	84850333	84849878	7.55e-07	55.5	483	90485009
g13363.t1	Bimp_SUPER_GRC	30.769	91	61	1	392	480	47954180	47954452	8.67e-07	55.5	483	90485009
g13363.t1	Bimp_SUPER_GRC	31.034	87	58	1	392	476	69556070	69555810	8.89e-07	55.1	483	90485009
g13363.t1	Bimp_SUPER_GRC	31.034	87	58	1	392	476	75503664	75503924	8.89e-07	55.1	483	90485009
g13363.t1	Bimp_SUPER_GRC	31.034	87	58	1	392	476	13854344	13854084	8.89e-07	55.1	483	90485009
g13363.t1	Bimp_SUPER_GRC	31.034	87	58	1	392	476	83264180	83264440	8.89e-07	55.1	483	90485009
g13363.t1	Bimp_SUPER_GRC	31.707	82	54	1	396	475	42518984	42518739	7.13e-06	52.4	483	90485009
g13363.t1	Bimp_SUPER_GRC	31.707	82	54	1	396	475	69962954	69963199	7.13e-06	52.4	483	90485009
g13363.t1	Bimp_SUPER_X	67.908	349	112	0	135	483	4684418	4683372	1.35e-180	483	483	65148993
g13363.t1	Bimp_SUPER_X	78.448	116	25	0	24	139	4684819	4684472	1.35e-180	172	483	65148993
g13363.t1	Bimp_SUPER_X	55.020	249	111	1	135	383	18020011	18020754	2.37e-151	274	483	65148993
g13363.t1	Bimp_SUPER_X	64.662	133	47	0	7	139	18019556	18019954	2.37e-151	158	483	65148993
g13363.t1	Bimp_SUPER_X	64.762	105	37	0	379	483	18020741	18021055	2.37e-151	147	483	65148993
g13363.t1	Bimp_SUPER_X	41.176	221	128	1	131	349	64480765	64480103	2.89e-61	150	483	65148993
g13363.t1	Bimp_SUPER_X	45.378	119	65	0	17	135	64481165	64480809	2.89e-61	108	483	65148993
g13363.t1	Bimp_SUPER_X	35.246	244	151	2	243	481	60456411	60455686	6.32e-48	181	483	65148993
g13363.t1	Bimp_SUPER_X	41.772	237	132	3	10	241	60457598	60456891	8.85e-44	169	483	65148993
g13363.t1	Bimp_SUPER_X	39.683	126	74	1	309	432	13061975	13061598	1.80e-31	115	483	65148993
g13363.t1	Bimp_SUPER_X	33.333	54	36	0	247	300	13062165	13062004	1.80e-31	43.1	483	65148993
g13363.t1	Bimp_SUPER_X	43.796	137	74	2	348	483	64479939	64479535	1.08e-25	114	483	65148993
g13363.t1	Bimp_SUPER_X	27.822	381	241	10	2	368	60858002	60859084	2.12e-17	89.0	483	65148993
g13363.t1	Bimp_SUPER_X	42.029	69	37	1	416	481	13061658	13061452	2.84e-09	63.2	483	65148993
g13363.t1	Bimp_SUPER_3	58.025	486	178	2	23	483	6571552	6570098	3.68e-173	543	483	58899673
g13363.t1	Bimp_SUPER_3	57.880	349	146	1	135	483	31509753	31508710	3.56e-155	412	483	58899673
g13363.t1	Bimp_SUPER_3	65.414	133	46	0	7	139	31510208	31509810	3.56e-155	159	483	58899673
g13363.t1	Bimp_SUPER_3	40.625	480	260	4	26	481	34132539	34133975	1.91e-106	351	483	58899673
g13363.t1	Bimp_SUPER_3	26.285	506	297	15	21	472	47418464	47417013	2.69e-31	131	483	58899673
g13363.t1	Bimp_SUPER_3	28.533	375	231	12	2	364	23887787	23886738	3.54e-24	110	483	58899673
g13363.t1	Bimp_SUPER_3	27.746	346	228	10	30	367	44731166	44732161	3.65e-22	103	483	58899673
g13363.t1	Bimp_SUPER_3	26.425	386	245	11	4	371	4965221	4966315	1.15e-16	86.7	483	58899673
g13363.t1	Bimp_SUPER_3	26.425	386	245	11	4	371	4983059	4984153	1.15e-16	86.7	483	58899673
g13363.t1	Bimp_SUPER_3	32.184	87	57	1	391	475	4967272	4967532	2.18e-07	57.4	483	58899673
g13363.t1	Bimp_SUPER_3	32.184	87	57	1	391	475	4985110	4985370	2.18e-07	57.4	483	58899673
g13363.t1	Bimp_SUPER_3	32.292	96	62	2	384	476	44732760	44733047	2.89e-07	57.0	483	58899673
g13363.t1	Bimp_SUPER_1	40.625	480	260	4	26	481	64863831	64865267	1.21e-105	348	483	99073636
g13363.t1	Bimp_SUPER_1	45.352	355	188	2	135	483	39621315	39620251	5.46e-102	281	483	99073636
g13363.t1	Bimp_SUPER_1	44.915	118	65	0	18	135	39621733	39621380	5.46e-102	112	483	99073636
g13363.t1	Bimp_SUPER_1	45.070	355	189	2	135	483	75484752	75483688	1.60e-101	279	483	99073636
g13363.t1	Bimp_SUPER_1	44.915	118	65	0	18	135	75485170	75484817	1.60e-101	113	483	99073636
g13363.t1	Bimp_SUPER_1	40.688	349	202	3	135	481	62554010	62555047	2.88e-101	269	483	99073636
g13363.t1	Bimp_SUPER_1	50.000	126	58	1	19	139	62553583	62553960	2.88e-101	122	483	99073636
g13363.t1	Bimp_SUPER_1	35.455	220	137	1	130	349	57767204	57767848	9.37e-76	135	483	99073636
g13363.t1	Bimp_SUPER_1	51.786	112	54	0	24	135	57766827	57767162	9.37e-76	122	483	99073636
g13363.t1	Bimp_SUPER_1	48.052	77	37	2	349	423	57767913	57768140	9.37e-76	70.1	483	99073636
g13363.t1	Bimp_SUPER_1	37.874	301	159	3	24	300	34399577	34400467	2.92e-50	188	483	99073636
g13363.t1	Bimp_SUPER_1	39.683	252	149	2	231	481	3419922	3419173	2.55e-49	185	483	99073636
g13363.t1	Bimp_SUPER_1	35.246	244	151	2	243	481	66988589	66989314	6.32e-48	181	483	99073636
g13363.t1	Bimp_SUPER_1	41.772	237	132	3	10	241	66987402	66988109	9.72e-44	169	483	99073636
g13363.t1	Bimp_SUPER_1	50.794	189	89	3	4	190	3427747	3427187	1.67e-43	168	483	99073636
g13363.t1	Bimp_SUPER_1	33.607	244	151	4	243	481	68782540	68783253	6.41e-39	154	483	99073636
g13363.t1	Bimp_SUPER_1	50.365	137	67	1	348	483	59745175	59745585	1.21e-35	144	483	99073636
g13363.t1	Bimp_SUPER_1	40.639	219	126	2	135	349	59743867	59744523	4.98e-34	140	483	99073636
g13363.t1	Bimp_SUPER_1	26.285	506	297	15	21	472	96331673	96330222	1.39e-31	132	483	99073636
g13363.t1	Bimp_SUPER_1	47.794	136	71	0	10	145	68780134	68780541	3.77e-28	122	483	99073636
g13363.t1	Bimp_SUPER_1	50.893	112	55	0	24	135	59743088	59743423	1.03e-25	114	483	99073636
g13363.t1	Bimp_SUPER_1	43.478	69	39	0	413	481	34401687	34401893	3.99e-21	62.4	483	99073636
g13363.t1	Bimp_SUPER_1	44.286	70	36	1	347	413	34401427	34401636	3.99e-21	61.2	483	99073636
g13363.t1	Bimp_SUPER_1	50.000	92	41	2	388	474	89711381	89711656	5.60e-17	87.8	483	99073636
g13363.t1	Bimp_SUPER_1	29.183	257	165	5	114	367	47907426	47906698	3.26e-13	75.9	483	99073636
g13363.t1	Bimp_SUPER_1	42.857	70	40	0	412	481	57755899	57755690	4.60e-10	65.9	483	99073636
g13363.t1	Bimp_SUPER_1	42.857	70	40	0	412	481	57768151	57768360	4.60e-10	65.9	483	99073636
g13363.t1	Bimp_SUPER_1	32.292	96	62	2	384	476	47906098	47905811	1.05e-06	55.1	483	99073636
g13363.t1	Bimp_SUPER_2	42.458	358	201	2	129	481	18165724	18166797	2.09e-83	284	483	64544997
g13363.t1	Bimp_SUPER_2	41.176	221	128	1	131	349	1323396	1322734	2.51e-61	150	483	64544997
g13363.t1	Bimp_SUPER_2	45.378	119	65	0	17	135	1323796	1323440	2.51e-61	108	483	64544997
g13363.t1	Bimp_SUPER_2	41.176	221	128	1	131	349	1771779	1771117	2.57e-61	150	483	64544997
g13363.t1	Bimp_SUPER_2	45.378	119	65	0	17	135	1772179	1771823	2.57e-61	108	483	64544997
g13363.t1	Bimp_SUPER_2	37.429	350	189	4	24	349	13933994	13932963	8.34e-59	213	483	64544997
g13363.t1	Bimp_SUPER_2	38.115	244	144	2	243	481	59582088	59582813	4.64e-47	178	483	64544997
g13363.t1	Bimp_SUPER_2	43.210	243	132	3	4	241	59580606	59581331	2.35e-45	173	483	64544997
g13363.t1	Bimp_SUPER_2	37.872	235	133	2	134	368	40603425	40602760	1.26e-32	135	483	64544997
g13363.t1	Bimp_SUPER_2	31.939	263	142	4	219	481	838357	837680	2.85e-30	128	483	64544997
g13363.t1	Bimp_SUPER_2	30.903	288	189	5	16	302	56955617	56956453	2.14e-29	125	483	64544997
g13363.t1	Bimp_SUPER_2	35.519	183	104	3	310	479	56957447	56957992	6.52e-27	118	483	64544997
g13363.t1	Bimp_SUPER_2	43.796	137	74	2	348	483	1770953	1770549	1.08e-25	114	483	64544997
g13363.t1	Bimp_SUPER_2	46.923	130	68	1	24	153	40603808	40603422	4.94e-25	112	483	64544997
g13363.t1	Bimp_SUPER_2	43.066	137	75	2	348	483	1322570	1322166	7.76e-25	112	483	64544997
g13363.t1	Bimp_SUPER_2	28.533	375	231	12	2	364	43109924	43108875	3.39e-24	110	483	64544997
g13363.t1	Bimp_SUPER_2	42.254	71	41	0	411	481	40602477	40602265	1.56e-23	68.9	483	64544997
g13363.t1	Bimp_SUPER_2	46.575	73	33	3	348	415	40602734	40602519	1.56e-23	62.8	483	64544997
g13363.t1	Bimp_SUPER_2	47.273	110	58	0	26	135	18164158	18164487	1.72e-21	102	483	64544997
g13363.t1	Bimp_SUPER_2	43.478	69	39	0	413	481	13932238	13932032	4.02e-21	62.4	483	64544997
g13363.t1	Bimp_SUPER_2	44.286	70	36	1	347	413	13932498	13932289	4.02e-21	61.2	483	64544997
g13363.t1	Bimp_SUPER_2	37.984	129	64	3	360	475	56407089	56406712	2.29e-16	85.9	483	64544997
g13363.t1	Bimp_SUPER_2	27.857	140	97	3	216	354	56408596	56408186	1.47e-10	67.4	483	64544997
g13363.t1	Bimp_SUPER_2	44.444	54	30	0	58	111	838756	838595	4.79e-10	63.2	483	64544997
g13363.t1	Bimp_SUPER_2	35.294	17	11	0	24	40	838821	838771	4.79e-10	23.1	483	64544997
g13363.t1	SCAFFOLD_310	31.250	96	63	2	384	476	4114	3827	7.92e-06	52.0	483	25874
g13363.t2	Bimp_SUPER_GRC	83.381	349	58	0	107	455	56963646	56962600	0.0	606	455	90485009
g13363.t2	Bimp_SUPER_GRC	89.720	107	11	0	1	107	56964028	56963708	0.0	173	455	90485009
g13363.t2	Bimp_SUPER_GRC	67.622	349	113	0	107	455	47768810	47769856	1.02e-176	482	455	90485009
g13363.t2	Bimp_SUPER_GRC	77.477	111	25	0	1	111	47768424	47768756	1.02e-176	161	455	90485009
g13363.t2	Bimp_SUPER_GRC	40.252	477	260	4	1	453	39154127	39155554	1.60e-103	341	455	90485009
g13363.t2	Bimp_SUPER_GRC	45.352	355	188	2	107	455	14140380	14141444	2.13e-99	281	455	90485009
g13363.t2	Bimp_SUPER_GRC	45.794	107	58	0	1	107	14139995	14140315	2.13e-99	104	455	90485009
g13363.t2	Bimp_SUPER_GRC	41.143	350	180	3	1	325	47613745	47614791	2.50e-87	232	455	90485009
g13363.t2	Bimp_SUPER_GRC	42.647	136	71	2	327	455	47614793	47615200	2.50e-87	112	455	90485009
g13363.t2	Bimp_SUPER_GRC	36.253	411	202	5	103	455	45011892	45010666	3.08e-82	225	455	90485009
g13363.t2	Bimp_SUPER_GRC	49.057	106	54	0	2	107	45012253	45011936	3.08e-82	103	455	90485009
g13363.t2	Bimp_SUPER_GRC	41.899	358	203	2	101	453	48475459	48476532	3.56e-82	280	455	90485009
g13363.t2	Bimp_SUPER_GRC	40.960	354	204	3	105	453	21019569	21020630	2.32e-78	269	455	90485009
g13363.t2	Bimp_SUPER_GRC	40.678	354	205	3	105	453	56251013	56249952	1.24e-77	266	455	90485009
g13363.t2	Bimp_SUPER_GRC	34.545	385	211	4	106	453	54503687	54502545	2.61e-61	219	455	90485009
g13363.t2	Bimp_SUPER_GRC	39.193	347	185	2	2	322	43188011	43186971	8.03e-60	215	455	90485009
g13363.t2	Bimp_SUPER_GRC	39.193	347	185	2	2	322	43173407	43172367	8.03e-60	215	455	90485009
g13363.t2	Bimp_SUPER_GRC	40.724	221	129	1	103	321	50416468	50417130	4.85e-58	146	455	90485009
g13363.t2	Bimp_SUPER_GRC	48.113	106	55	0	2	107	50416107	50416424	4.85e-58	101	455	90485009
g13363.t2	Bimp_SUPER_GRC	41.232	211	122	1	113	321	55182687	55182055	1.05e-57	143	455	90485009
g13363.t2	Bimp_SUPER_GRC	49.057	106	54	0	2	107	55183051	55182734	1.05e-57	103	455	90485009
g13363.t2	Bimp_SUPER_GRC	38.329	347	182	3	2	322	43180700	43179678	2.40e-56	205	455	90485009
g13363.t2	Bimp_SUPER_GRC	37.429	350	178	4	2	312	30972417	30971374	5.22e-56	204	455	90485009
g13363.t2	Bimp_SUPER_GRC	45.652	138	70	3	321	455	30982370	30982777	1.65e-48	125	455	90485009
g13363.t2	Bimp_SUPER_GRC	38.129	139	83	2	189	327	30981868	30982275	1.65e-48	89.7	455	90485009
g13363.t2	Bimp_SUPER_GRC	42.143	140	79	2	183	321	46992529	46992945	7.07e-48	111	455	90485009
g13363.t2	Bimp_SUPER_GRC	45.070	71	35	2	321	387	46993002	46993214	7.07e-48	62.0	455	90485009
g13363.t2	Bimp_SUPER_GRC	56.250	48	21	0	408	455	46993330	46993473	7.07e-48	61.2	455	90485009
g13363.t2	Bimp_SUPER_GRC	37.743	257	147	4	204	453	61424944	61425696	1.36e-47	179	455	90485009
g13363.t2	Bimp_SUPER_GRC	38.115	244	144	2	215	453	42837343	42838068	2.65e-47	178	455	90485009
g13363.t2	Bimp_SUPER_GRC	43.318	217	118	2	2	213	42835919	42836569	7.15e-41	159	455	90485009
g13363.t2	Bimp_SUPER_GRC	41.935	217	121	3	2	213	61423350	61424000	1.98e-38	152	455	90485009
g13363.t2	Bimp_SUPER_GRC	50.370	135	66	1	320	453	43151166	43151570	1.00e-35	144	455	90485009
g13363.t2	Bimp_SUPER_GRC	45.000	140	74	2	317	455	66617638	66617225	4.06e-34	139	455	90485009
g13363.t2	Bimp_SUPER_GRC	54.630	108	49	0	2	109	46991734	46992057	2.00e-33	107	455	90485009
g13363.t2	Bimp_SUPER_GRC	50.000	56	28	0	106	161	46992101	46992268	2.00e-33	57.8	455	90485009
g13363.t2	Bimp_SUPER_GRC	38.298	235	132	2	106	340	56866404	56867069	3.40e-33	136	455	90485009
g13363.t2	Bimp_SUPER_GRC	40.183	219	127	2	107	321	43149865	43150521	4.37e-33	136	455	90485009
g13363.t2	Bimp_SUPER_GRC	40.265	226	133	1	107	330	57908038	57907361	7.86e-32	132	455	90485009
g13363.t2	Bimp_SUPER_GRC	37.333	225	134	2	104	321	8060283	8059609	4.15e-31	130	455	90485009
g13363.t2	Bimp_SUPER_GRC	42.857	140	77	2	317	455	57907133	57906720	2.42e-30	128	455	90485009
g13363.t2	Bimp_SUPER_GRC	43.284	134	75	1	321	453	8057476	8057075	4.41e-30	127	455	90485009
g13363.t2	Bimp_SUPER_GRC	40.271	221	130	1	107	325	66618423	66617761	5.31e-30	127	455	90485009
g13363.t2	Bimp_SUPER_GRC	44.928	138	71	3	321	455	30971243	30970836	6.38e-30	127	455	90485009
g13363.t2	Bimp_SUPER_GRC	43.796	137	74	2	320	455	55181891	55181487	6.40e-26	115	455	90485009
g13363.t2	Bimp_SUPER_GRC	52.830	106	50	0	2	107	43149099	43149416	2.24e-25	113	455	90485009
g13363.t2	Bimp_SUPER_GRC	53.704	108	50	0	2	109	54504489	54504166	3.37e-25	112	455	90485009
g13363.t2	Bimp_SUPER_GRC	51.402	107	52	0	1	107	56251778	56251458	3.69e-25	112	455	90485009
g13363.t2	Bimp_SUPER_GRC	51.402	107	52	0	1	107	21018804	21019124	3.86e-25	112	455	90485009
g13363.t2	Bimp_SUPER_GRC	50.943	106	52	0	2	107	8061245	8060928	4.55e-25	112	455	90485009
g13363.t2	Bimp_SUPER_GRC	43.066	137	75	2	320	455	50417294	50417698	5.27e-25	112	455	90485009
g13363.t2	Bimp_SUPER_GRC	54.286	70	29	2	318	385	13659606	13659812	1.37e-23	75.1	455	90485009
g13363.t2	Bimp_SUPER_GRC	38.028	71	43	1	383	453	13659874	13660083	1.37e-23	56.6	455	90485009
g13363.t2	Bimp_SUPER_GRC	42.254	71	41	0	383	453	56867352	56867564	1.49e-23	68.9	455	90485009
g13363.t2	Bimp_SUPER_GRC	46.575	73	33	3	320	387	56867095	56867310	1.49e-23	62.8	455	90485009
g13363.t2	Bimp_SUPER_GRC	29.360	344	206	11	19	345	30696206	30695235	4.36e-23	106	455	90485009
g13363.t2	Bimp_SUPER_GRC	28.035	346	227	10	2	339	53123441	53122446	5.22e-23	106	455	90485009
g13363.t2	Bimp_SUPER_GRC	28.035	346	227	10	2	339	66752442	66751447	8.91e-23	105	455	90485009
g13363.t2	Bimp_SUPER_GRC	43.103	116	63	2	319	433	43186639	43186298	1.62e-22	104	455	90485009
g13363.t2	Bimp_SUPER_GRC	43.103	116	63	2	319	433	43179346	43179005	1.62e-22	104	455	90485009
g13363.t2	Bimp_SUPER_GRC	43.103	116	63	2	319	433	43172035	43171694	1.62e-22	104	455	90485009
g13363.t2	Bimp_SUPER_GRC	46.774	124	65	1	2	125	56866039	56866407	5.29e-22	103	455	90485009
g13363.t2	Bimp_SUPER_GRC	44.444	117	64	1	2	117	57908590	57908240	5.52e-21	99.8	455	90485009
g13363.t2	Bimp_SUPER_GRC	47.170	106	56	0	2	107	66619436	66619119	1.04e-20	99.0	455	90485009
g13363.t2	Bimp_SUPER_GRC	28.488	344	229	10	3	340	42522398	42521400	7.89e-20	96.3	455	90485009
g13363.t2	Bimp_SUPER_GRC	28.488	344	229	10	3	340	69959512	69960510	1.01e-19	95.9	455	90485009
g13363.t2	Bimp_SUPER_GRC	26.346	353	239	9	5	351	41337225	41336212	3.82e-18	91.3	455	90485009
g13363.t2	Bimp_SUPER_GRC	27.324	355	237	10	5	351	13857147	13856122	6.19e-18	90.5	455	90485009
g13363.t2	Bimp_SUPER_GRC	27.042	355	238	10	5	351	47951421	47952446	7.87e-18	90.1	455	90485009
g13363.t2	Bimp_SUPER_GRC	26.836	354	240	9	5	351	69558528	69557503	8.08e-18	90.1	455	90485009
g13363.t2	Bimp_SUPER_GRC	26.836	354	240	9	5	351	83261719	83262744	8.08e-18	90.1	455	90485009
g13363.t2	Bimp_SUPER_GRC	26.554	354	241	9	5	351	75501206	75502231	9.24e-18	90.1	455	90485009
g13363.t2	Bimp_SUPER_GRC	42.857	84	48	0	3	86	21190477	21190226	1.11e-17	89.7	455	90485009
g13363.t2	Bimp_SUPER_GRC	28.409	352	219	9	3	340	20290182	20291180	1.34e-17	89.4	455	90485009
g13363.t2	Bimp_SUPER_GRC	40.000	85	51	0	2	86	14274149	14273895	2.58e-16	85.5	455	90485009
g13363.t2	Bimp_SUPER_GRC	25.978	358	229	11	3	343	30483715	30482699	8.82e-16	83.6	455	90485009
g13363.t2	Bimp_SUPER_GRC	27.139	339	211	10	19	340	62294988	62294029	1.07e-15	83.6	455	90485009
g13363.t2	Bimp_SUPER_GRC	29.947	187	117	4	268	453	21189961	21189440	1.93e-14	79.7	455	90485009
g13363.t2	Bimp_SUPER_GRC	29.412	187	118	4	268	453	14273630	14273109	2.12e-13	76.3	455	90485009
g13363.t2	Bimp_SUPER_GRC	41.176	68	40	0	266	333	70348500	70348703	4.58e-09	62.4	455	90485009
g13363.t2	Bimp_SUPER_GRC	23.789	227	151	7	224	433	27675833	27675168	4.47e-08	59.3	455	90485009
g13363.t2	Bimp_SUPER_GRC	32.184	87	57	1	364	448	41334455	41334195	1.73e-07	57.4	455	90485009
g13363.t2	Bimp_SUPER_GRC	32.292	96	62	2	356	448	66750832	66750545	2.78e-07	56.6	455	90485009
g13363.t2	Bimp_SUPER_GRC	32.292	96	62	2	356	448	53121856	53121569	3.16e-07	56.6	455	90485009
g13363.t2	Bimp_SUPER_GRC	29.586	169	90	6	187	343	84850333	84849878	6.29e-07	55.5	455	90485009
g13363.t2	Bimp_SUPER_GRC	30.769	91	61	1	364	452	47954180	47954452	7.41e-07	55.5	455	90485009
g13363.t2	Bimp_SUPER_GRC	31.034	87	58	1	364	448	69556070	69555810	7.73e-07	55.5	455	90485009
g13363.t2	Bimp_SUPER_GRC	31.034	87	58	1	364	448	75503664	75503924	7.73e-07	55.5	455	90485009
g13363.t2	Bimp_SUPER_GRC	31.034	87	58	1	364	448	13854344	13854084	7.73e-07	55.5	455	90485009
g13363.t2	Bimp_SUPER_GRC	31.034	87	58	1	364	448	83264180	83264440	7.73e-07	55.5	455	90485009
g13363.t2	Bimp_SUPER_GRC	31.707	82	54	1	368	447	42518984	42518739	6.68e-06	52.4	455	90485009
g13363.t2	Bimp_SUPER_GRC	31.707	82	54	1	368	447	69962954	69963199	6.68e-06	52.4	455	90485009
g13363.t2	Bimp_SUPER_X	67.908	349	112	0	107	455	4684418	4683372	3.82e-177	483	455	65148993
g13363.t2	Bimp_SUPER_X	77.477	111	25	0	1	111	4684804	4684472	3.82e-177	161	455	65148993
g13363.t2	Bimp_SUPER_X	55.020	249	111	1	107	355	18020011	18020754	6.56e-147	274	455	65148993
g13363.t2	Bimp_SUPER_X	64.762	105	37	0	351	455	18020741	18021055	6.56e-147	147	455	65148993
g13363.t2	Bimp_SUPER_X	69.565	115	33	1	1	115	18019622	18019960	6.56e-147	144	455	65148993
g13363.t2	Bimp_SUPER_X	41.176	221	128	1	103	321	64480765	64480103	1.14e-59	149	455	65148993
g13363.t2	Bimp_SUPER_X	49.057	106	54	0	2	107	64481126	64480809	1.14e-59	103	455	65148993
g13363.t2	Bimp_SUPER_X	35.246	244	151	2	215	453	60456411	60455686	3.65e-48	181	455	65148993
g13363.t2	Bimp_SUPER_X	42.396	217	119	3	2	213	60457538	60456891	2.65e-40	157	455	65148993
g13363.t2	Bimp_SUPER_X	39.683	126	74	1	281	404	13061975	13061598	1.89e-31	115	455	65148993
g13363.t2	Bimp_SUPER_X	33.333	54	36	0	219	272	13062165	13062004	1.89e-31	43.1	455	65148993
g13363.t2	Bimp_SUPER_X	43.796	137	74	2	320	455	64479939	64479535	6.40e-26	115	455	65148993
g13363.t2	Bimp_SUPER_X	28.409	352	219	9	3	340	60858086	60859084	2.21e-17	88.6	455	65148993
g13363.t2	Bimp_SUPER_X	42.029	69	37	1	388	453	13061658	13061452	2.50e-09	63.2	455	65148993
g13363.t2	Bimp_SUPER_3	57.708	480	177	2	1	455	6571534	6570098	4.77e-169	530	455	58899673
g13363.t2	Bimp_SUPER_3	57.880	349	146	1	107	455	31509753	31508710	2.87e-150	411	455	58899673
g13363.t2	Bimp_SUPER_3	69.565	115	33	1	1	115	31510142	31509804	2.87e-150	143	455	58899673
g13363.t2	Bimp_SUPER_3	40.252	477	260	4	1	453	34132548	34133975	3.07e-104	343	455	58899673
g13363.t2	Bimp_SUPER_3	26.875	480	279	14	19	444	47418398	47417013	6.65e-31	130	455	58899673
g13363.t2	Bimp_SUPER_3	27.746	346	228	10	2	339	44731166	44732161	2.16e-22	104	455	58899673
g13363.t2	Bimp_SUPER_3	29.052	327	202	10	19	336	23887655	23886738	8.54e-22	102	455	58899673
g13363.t2	Bimp_SUPER_3	27.405	343	211	10	19	343	4965347	4966315	1.14e-16	86.7	455	58899673
g13363.t2	Bimp_SUPER_3	27.405	343	211	10	19	343	4983185	4984153	1.14e-16	86.7	455	58899673
g13363.t2	Bimp_SUPER_3	32.184	87	57	1	363	447	4967272	4967532	2.00e-07	57.0	455	58899673
g13363.t2	Bimp_SUPER_3	32.184	87	57	1	363	447	4985110	4985370	2.00e-07	57.0	455	58899673
g13363.t2	Bimp_SUPER_3	32.292	96	62	2	356	448	44732760	44733047	2.78e-07	56.6	455	58899673
g13363.t2	Bimp_SUPER_1	40.252	477	260	4	1	453	64863840	64865267	1.60e-103	341	455	99073636
g13363.t2	Bimp_SUPER_1	45.352	355	188	2	107	455	39621315	39620251	2.41e-99	281	455	99073636
g13363.t2	Bimp_SUPER_1	45.794	107	58	0	1	107	39621700	39621380	2.41e-99	104	455	99073636
g13363.t2	Bimp_SUPER_1	40.688	349	202	3	107	453	62554010	62555047	2.96e-99	269	455	99073636
g13363.t2	Bimp_SUPER_1	51.818	110	53	0	2	111	62553631	62553960	2.96e-99	115	455	99073636
g13363.t2	Bimp_SUPER_1	45.070	355	189	2	107	455	75484752	75483688	6.91e-99	279	455	99073636
g13363.t2	Bimp_SUPER_1	45.794	107	58	0	1	107	75485137	75484817	6.91e-99	104	455	99073636
g13363.t2	Bimp_SUPER_1	35.455	220	137	1	102	321	57767204	57767848	1.29e-73	136	455	99073636
g13363.t2	Bimp_SUPER_1	51.887	106	51	0	2	107	57766845	57767162	1.29e-73	114	455	99073636
g13363.t2	Bimp_SUPER_1	48.052	77	37	2	321	395	57767913	57768140	1.29e-73	69.7	455	99073636
g13363.t2	Bimp_SUPER_1	39.683	252	149	2	203	453	3419922	3419173	1.18e-49	185	455	99073636
g13363.t2	Bimp_SUPER_1	35.246	244	151	2	215	453	66988589	66989314	3.65e-48	181	455	99073636
g13363.t2	Bimp_SUPER_1	37.627	295	156	3	2	272	34399595	34400467	4.67e-48	181	455	99073636
g13363.t2	Bimp_SUPER_1	42.396	217	119	3	2	213	66987462	66988109	2.89e-40	157	455	99073636
g13363.t2	Bimp_SUPER_1	52.147	163	75	2	2	162	3427672	3427187	1.68e-39	155	455	99073636
g13363.t2	Bimp_SUPER_1	33.607	244	151	4	215	453	68782540	68783253	3.17e-39	154	455	99073636
g13363.t2	Bimp_SUPER_1	50.365	137	67	1	320	455	59745175	59745585	8.47e-36	144	455	99073636
g13363.t2	Bimp_SUPER_1	40.639	219	126	2	107	321	59743867	59744523	3.67e-34	139	455	99073636
g13363.t2	Bimp_SUPER_1	26.875	480	279	14	19	444	96331607	96330222	3.39e-31	130	455	99073636
g13363.t2	Bimp_SUPER_1	50.862	116	57	0	2	117	68780194	68780541	6.52e-26	115	455	99073636
g13363.t2	Bimp_SUPER_1	51.887	106	51	0	2	107	59743106	59743423	1.16e-24	111	455	99073636
g13363.t2	Bimp_SUPER_1	43.478	69	39	0	385	453	34401687	34401893	4.32e-21	62.4	455	99073636
g13363.t2	Bimp_SUPER_1	44.286	70	36	1	319	385	34401427	34401636	4.32e-21	61.2	455	99073636
g13363.t2	Bimp_SUPER_1	50.000	92	41	2	360	446	89711381	89711656	5.42e-17	87.4	455	99073636
g13363.t2	Bimp_SUPER_1	29.183	257	165	5	86	339	47907426	47906698	2.18e-13	76.3	455	99073636
g13363.t2	Bimp_SUPER_1	42.857	70	40	0	384	453	57755899	57755690	4.12e-10	65.9	455	99073636
g13363.t2	Bimp_SUPER_1	42.857	70	40	0	384	453	57768151	57768360	4.12e-10	65.9	455	99073636
g13363.t2	Bimp_SUPER_1	32.292	96	62	2	356	448	47906098	47905811	9.84e-07	55.1	455	99073636
g13363.t2	Bimp_SUPER_2	42.458	358	201	2	101	453	18165724	18166797	1.21e-83	284	455	64544997
g13363.t2	Bimp_SUPER_2	41.176	221	128	1	103	321	1323396	1322734	1.04e-59	150	455	64544997
g13363.t2	Bimp_SUPER_2	49.057	106	54	0	2	107	1323757	1323440	1.04e-59	103	455	64544997
g13363.t2	Bimp_SUPER_2	41.176	221	128	1	103	321	1771779	1771117	1.08e-59	150	455	64544997
g13363.t2	Bimp_SUPER_2	49.057	106	54	0	2	107	1772140	1771823	1.08e-59	103	455	64544997
g13363.t2	Bimp_SUPER_2	37.209	344	186	4	2	321	13933976	13932963	1.73e-56	205	455	64544997
g13363.t2	Bimp_SUPER_2	38.115	244	144	2	215	453	59582088	59582813	2.65e-47	178	455	64544997
g13363.t2	Bimp_SUPER_2	43.318	217	118	2	2	213	59580681	59581331	5.65e-41	159	455	64544997
g13363.t2	Bimp_SUPER_2	37.872	235	133	2	106	340	40603425	40602760	8.13e-33	135	455	64544997
g13363.t2	Bimp_SUPER_2	31.939	263	142	4	191	453	838357	837680	2.21e-30	128	455	64544997
g13363.t2	Bimp_SUPER_2	31.752	274	177	5	2	274	56955659	56956453	1.32e-28	123	455	64544997
g13363.t2	Bimp_SUPER_2	35.519	183	104	3	282	451	56957447	56957992	5.18e-27	118	455	64544997
g13363.t2	Bimp_SUPER_2	43.796	137	74	2	320	455	1770953	1770549	6.40e-26	115	455	64544997
g13363.t2	Bimp_SUPER_2	43.066	137	75	2	320	455	1322570	1322166	5.87e-25	112	455	64544997
g13363.t2	Bimp_SUPER_2	42.254	71	41	0	383	453	40602477	40602265	1.50e-23	68.9	455	64544997
g13363.t2	Bimp_SUPER_2	46.575	73	33	3	320	387	40602734	40602519	1.50e-23	62.8	455	64544997
g13363.t2	Bimp_SUPER_2	47.581	124	64	1	2	125	40603790	40603422	2.93e-23	107	455	64544997
g13363.t2	Bimp_SUPER_2	29.052	327	202	10	19	336	43109792	43108875	8.39e-22	102	455	64544997
g13363.t2	Bimp_SUPER_2	43.478	69	39	0	385	453	13932238	13932032	4.35e-21	62.4	455	64544997
g13363.t2	Bimp_SUPER_2	44.286	70	36	1	319	385	13932498	13932289	4.35e-21	61.2	455	64544997
g13363.t2	Bimp_SUPER_2	47.170	106	56	0	2	107	18164170	18164487	8.97e-21	99.4	455	64544997
g13363.t2	Bimp_SUPER_2	37.984	129	64	3	332	447	56407089	56406712	2.10e-16	85.9	455	64544997
g13363.t2	Bimp_SUPER_2	27.857	140	97	3	188	326	56408596	56408186	1.28e-10	67.4	455	64544997
g13363.t2	Bimp_SUPER_2	44.444	54	30	0	30	83	838756	838595	3.10e-09	63.2	455	64544997
g13363.t2	SCAFFOLD_310	31.250	96	63	2	356	448	4114	3827	8.03e-06	52.0	455	25874
g13694.t1	Bimp_SUPER_1	67.241	58	19	0	284	341	47320963	47320790	7.14e-16	83.2	391	99073636
g13694.t1	Bimp_SUPER_1	65.517	58	20	0	284	341	47312348	47312175	2.34e-15	81.6	391	99073636
g13694.t1	Bimp_SUPER_1	53.488	43	20	0	242	284	47321244	47321116	9.57e-08	57.8	391	99073636
g13694.t1	Bimp_SUPER_1	51.163	43	21	0	242	284	47312629	47312501	6.00e-07	55.1	391	99073636
g13694.t1	Bimp_SUPER_GRC	67.241	58	19	0	284	341	15854972	15854799	7.27e-16	83.2	391	90485009
g13694.t1	Bimp_SUPER_GRC	67.241	58	19	0	284	341	45655713	45655886	8.47e-16	82.8	391	90485009
g13694.t1	Bimp_SUPER_GRC	45.098	102	31	2	307	388	84138301	84138011	1.18e-09	63.9	391	90485009
g13694.t1	Bimp_SUPER_GRC	53.488	43	20	0	242	284	45655432	45655560	1.81e-07	57.0	391	90485009
g13694.t1	Bimp_SUPER_GRC	53.488	43	20	0	242	284	15855253	15855125	1.86e-07	57.0	391	90485009
g13694.t2	Bimp_SUPER_1	55.814	43	19	0	242	284	47321244	47321116	3.44e-08	58.2	303	99073636
g13694.t2	Bimp_SUPER_1	53.488	43	20	0	242	284	47312629	47312501	2.05e-07	55.8	303	99073636
g13694.t2	Bimp_SUPER_GRC	55.814	43	19	0	242	284	15855253	15855125	6.50e-08	57.4	303	90485009
g13694.t2	Bimp_SUPER_GRC	55.814	43	19	0	242	284	45655432	45655560	6.56e-08	57.4	303	90485009
g15244.t1	Bimp_SUPER_X	40.000	90	54	0	124	213	63262321	63262590	1.09e-09	60.8	216	65148993
g17107.t1	Bimp_SUPER_GRC	80.705	539	98	2	1	538	82123265	82121664	0.0	816	538	90485009
g17107.t1	Bimp_SUPER_GRC	56.801	544	211	8	1	535	89298022	89299608	6.26e-176	553	538	90485009
g17107.t1	Bimp_SUPER_GRC	60.317	252	87	5	119	364	16172204	16171470	5.03e-89	303	538	90485009
g17107.t1	Bimp_SUPER_GRC	39.683	378	207	8	1	360	52937347	52938471	4.37e-69	245	538	90485009
g17107.t1	Bimp_SUPER_GRC	39.529	382	202	9	1	360	68978825	68979949	1.21e-67	241	538	90485009
g17107.t1	Bimp_SUPER_GRC	43.293	328	173	6	1	316	47307401	47308381	4.55e-67	239	538	90485009
g17107.t1	Bimp_SUPER_GRC	39.628	376	206	6	1	360	68146049	68147161	1.24e-65	234	538	90485009
g17107.t1	Bimp_SUPER_GRC	38.133	375	213	7	1	360	30464840	30463728	1.60e-65	234	538	90485009
g17107.t1	Bimp_SUPER_GRC	39.075	389	213	7	1	370	86883108	86884259	6.68e-65	233	538	90485009
g17107.t1	Bimp_SUPER_GRC	38.133	375	213	7	1	360	66574333	66573221	8.07e-65	232	538	90485009
g17107.t1	Bimp_SUPER_GRC	39.075	389	213	7	1	370	13487437	13488588	1.51e-64	231	538	90485009
g17107.t1	Bimp_SUPER_GRC	39.075	389	213	7	1	370	49468276	49469427	1.93e-64	231	538	90485009
g17107.t1	Bimp_SUPER_GRC	63.874	191	43	2	82	269	27340552	27340049	4.91e-63	226	538	90485009
g17107.t1	Bimp_SUPER_GRC	79.167	24	5	0	39	62	27340629	27340558	4.91e-63	38.5	538	90485009
g17107.t1	Bimp_SUPER_GRC	41.039	385	189	10	1	360	87917239	87918354	7.56e-63	226	538	90485009
g17107.t1	Bimp_SUPER_GRC	40.519	385	191	10	1	360	82082694	82083809	4.18e-62	224	538	90485009
g17107.t1	Bimp_SUPER_GRC	40.779	385	190	10	1	360	40257129	40258244	6.90e-62	224	538	90485009
g17107.t1	Bimp_SUPER_GRC	37.079	356	215	6	1	349	46323454	46324515	2.36e-60	219	538	90485009
g17107.t1	Bimp_SUPER_GRC	36.413	368	209	6	1	346	82779935	82781029	7.04e-59	215	538	90485009
g17107.t1	Bimp_SUPER_GRC	36.413	368	209	6	1	346	7548586	7547492	7.04e-59	215	538	90485009
g17107.t1	Bimp_SUPER_GRC	36.723	354	215	6	1	347	53943223	53942168	1.25e-58	214	538	90485009
g17107.t1	Bimp_SUPER_GRC	36.141	368	210	6	1	346	59258003	59256909	2.10e-58	213	538	90485009
g17107.t1	Bimp_SUPER_GRC	36.141	368	210	6	1	346	82586073	82587167	2.10e-58	213	538	90485009
g17107.t1	Bimp_SUPER_GRC	36.141	368	210	6	1	346	48287771	48286677	2.71e-58	213	538	90485009
g17107.t1	Bimp_SUPER_GRC	36.141	368	210	6	1	346	61017812	61018906	2.81e-58	213	538	90485009
g17107.t1	Bimp_SUPER_GRC	36.243	378	223	8	1	368	29968683	29969792	1.03e-57	211	538	90485009
g17107.t1	Bimp_SUPER_GRC	39.610	308	179	4	1	304	87314850	87315764	1.72e-57	211	538	90485009
g17107.t1	Bimp_SUPER_GRC	35.870	368	211	6	1	346	48049610	48048516	2.94e-57	210	538	90485009
g17107.t1	Bimp_SUPER_GRC	38.028	355	202	7	5	346	73811388	73812437	5.84e-57	209	538	90485009
g17107.t1	Bimp_SUPER_GRC	35.904	376	216	9	8	367	53602624	53601524	3.50e-55	204	538	90485009
g17107.t1	Bimp_SUPER_GRC	36.389	360	209	10	1	346	20548417	20549478	1.47e-54	202	538	90485009
g17107.t1	Bimp_SUPER_GRC	33.077	390	223	8	1	356	39925883	39927040	3.84e-54	201	538	90485009
g17107.t1	Bimp_SUPER_GRC	44.664	253	125	6	105	346	1461919	1461173	4.95e-54	201	538	90485009
g17107.t1	Bimp_SUPER_GRC	32.821	390	224	8	1	356	61898484	61897327	2.98e-53	198	538	90485009
g17107.t1	Bimp_SUPER_GRC	45.217	230	120	3	123	346	31175378	31174689	4.92e-52	195	538	90485009
g17107.t1	Bimp_SUPER_GRC	45.217	230	120	3	123	346	69702731	69703420	4.92e-52	195	538	90485009
g17107.t1	Bimp_SUPER_GRC	45.217	230	120	3	123	346	13342188	13341499	4.97e-52	195	538	90485009
g17107.t1	Bimp_SUPER_GRC	36.088	363	213	8	1	347	48952449	48953528	6.96e-52	194	538	90485009
g17107.t1	Bimp_SUPER_GRC	43.697	238	120	4	123	346	41093159	41093872	1.88e-51	193	538	90485009
g17107.t1	Bimp_SUPER_GRC	36.644	292	161	5	76	346	14314077	14314943	6.85e-51	191	538	90485009
g17107.t1	Bimp_SUPER_GRC	34.842	221	132	4	8	224	22365197	22365835	2.34e-48	116	538	90485009
g17107.t1	Bimp_SUPER_GRC	34.842	221	132	4	8	224	22440109	22440747	2.34e-48	116	538	90485009
g17107.t1	Bimp_SUPER_GRC	39.474	152	81	4	226	367	22365844	22366296	2.34e-48	99.4	538	90485009
g17107.t1	Bimp_SUPER_GRC	39.474	152	81	4	226	367	22440756	22441208	2.34e-48	99.4	538	90485009
g17107.t1	Bimp_SUPER_GRC	47.253	182	78	6	193	360	47781981	47781448	2.07e-35	145	538	90485009
g17107.t1	Bimp_SUPER_GRC	41.709	199	112	3	335	532	66139142	66138555	8.13e-31	131	538	90485009
g17107.t1	Bimp_SUPER_GRC	40.704	199	114	3	335	532	34324256	34323669	4.01e-30	129	538	90485009
g17107.t1	Bimp_SUPER_GRC	32.331	266	150	5	283	532	31332027	31331272	1.32e-24	112	538	90485009
g17107.t1	Bimp_SUPER_GRC	32.707	266	149	5	283	532	30777708	30776953	1.53e-24	112	538	90485009
g17107.t1	Bimp_SUPER_GRC	50.000	100	46	1	125	224	27268253	27267966	2.08e-22	105	538	90485009
g17107.t1	Bimp_SUPER_GRC	39.752	161	86	5	196	346	39505692	39506171	2.82e-21	102	538	90485009
g17107.t1	Bimp_SUPER_GRC	48.000	100	41	2	76	175	65144901	65145167	1.26e-18	86.3	538	90485009
g17107.t1	Bimp_SUPER_GRC	32.203	59	39	1	7	64	65144711	65144887	1.26e-18	29.3	538	90485009
g17107.t1	Bimp_SUPER_GRC	29.482	251	156	4	264	503	62265043	62265765	3.13e-16	85.9	538	90485009
g17107.t1	Bimp_SUPER_GRC	30.612	245	164	5	264	503	13824675	13823944	3.16e-16	85.9	538	90485009
g17107.t1	Bimp_SUPER_GRC	29.528	254	155	5	264	503	17287463	17286732	4.96e-16	85.5	538	90485009
g17107.t1	Bimp_SUPER_GRC	29.134	254	156	5	264	503	13399068	13398337	5.36e-16	85.1	538	90485009
g17107.t1	Bimp_SUPER_GRC	30.204	245	165	5	264	503	19146771	19146040	6.00e-16	85.1	538	90485009
g17107.t1	Bimp_SUPER_GRC	30.204	245	165	5	264	503	40304954	40305685	6.55e-16	85.1	538	90485009
g17107.t1	Bimp_SUPER_GRC	30.204	245	165	5	264	503	68986601	68987332	6.90e-16	84.7	538	90485009
g17107.t1	Bimp_SUPER_GRC	56.604	53	22	1	219	270	85952367	85952525	9.05e-16	59.3	538	90485009
g17107.t1	Bimp_SUPER_GRC	42.308	52	25	2	167	217	85952221	85952364	9.05e-16	38.9	538	90485009
g17107.t1	Bimp_SUPER_GRC	27.083	48	35	0	290	337	85952581	85952724	9.05e-16	26.9	538	90485009
g17107.t1	Bimp_SUPER_GRC	26.692	266	170	8	285	528	44958206	44958994	2.21e-15	83.2	538	90485009
g17107.t1	Bimp_SUPER_GRC	30.204	245	165	5	264	503	21887458	21888189	5.62e-15	82.0	538	90485009
g17107.t1	Bimp_SUPER_GRC	27.149	221	132	7	288	482	30300076	30299423	1.06e-14	81.3	538	90485009
g17107.t1	Bimp_SUPER_GRC	30.159	189	122	6	302	481	66315387	66315950	1.76e-14	80.5	538	90485009
g17107.t1	Bimp_SUPER_GRC	26.183	317	196	8	209	521	83752368	83753216	2.23e-14	80.1	538	90485009
g17107.t1	Bimp_SUPER_GRC	29.439	214	132	6	325	528	5832682	5832068	4.48e-14	79.0	538	90485009
g17107.t1	Bimp_SUPER_GRC	45.872	109	58	1	424	532	56085888	56085565	5.28e-14	79.0	538	90485009
g17107.t1	Bimp_SUPER_GRC	28.505	214	134	6	325	528	696670	696056	7.93e-14	78.2	538	90485009
g17107.t1	Bimp_SUPER_GRC	25.896	251	160	8	124	357	19800141	19799416	1.02e-13	77.8	538	90485009
g17107.t1	Bimp_SUPER_GRC	25.200	250	163	8	124	357	53774981	53775706	1.80e-13	77.0	538	90485009
g17107.t1	Bimp_SUPER_GRC	25.498	251	161	8	124	357	15531928	15531203	2.79e-13	76.6	538	90485009
g17107.t1	Bimp_SUPER_GRC	25.620	242	151	4	288	503	76935030	76934314	3.21e-13	76.3	538	90485009
g17107.t1	Bimp_SUPER_GRC	27.562	283	184	6	257	532	43314660	43313854	4.98e-13	75.9	538	90485009
g17107.t1	Bimp_SUPER_GRC	23.986	296	172	11	211	482	55069865	55070665	7.73e-13	75.1	538	90485009
g17107.t1	Bimp_SUPER_GRC	29.146	199	124	4	340	532	43461600	43461037	1.39e-12	74.3	538	90485009
g17107.t1	Bimp_SUPER_GRC	26.855	283	186	6	257	532	53808248	53809054	4.36e-12	72.8	538	90485009
g17107.t1	Bimp_SUPER_GRC	28.704	216	124	6	341	536	83483782	83484399	5.84e-12	72.4	538	90485009
g17107.t1	Bimp_SUPER_GRC	24.771	327	215	11	211	531	52040977	52041882	2.16e-11	70.5	538	90485009
g17107.t1	Bimp_SUPER_GRC	24.926	337	211	12	211	532	21557118	21556189	6.53e-11	68.9	538	90485009
g17107.t1	Bimp_SUPER_GRC	23.120	359	240	11	187	528	65728095	65727076	9.45e-11	68.6	538	90485009
g17107.t1	Bimp_SUPER_GRC	25.641	195	121	7	285	457	51757968	51757390	1.18e-10	68.2	538	90485009
g17107.t1	Bimp_SUPER_GRC	25.882	255	148	5	316	530	46169155	46169916	1.51e-10	67.8	538	90485009
g17107.t1	Bimp_SUPER_GRC	26.190	252	148	5	316	530	59601594	59602346	1.61e-10	67.8	538	90485009
g17107.t1	Bimp_SUPER_GRC	25.882	255	148	5	316	530	81904586	81903825	1.65e-10	67.8	538	90485009
g17107.t1	Bimp_SUPER_GRC	23.373	338	221	8	211	531	31856970	31857920	2.93e-10	66.6	538	90485009
g17107.t1	Bimp_SUPER_GRC	29.327	208	124	7	341	532	38267407	38266805	4.13e-10	66.2	538	90485009
g17107.t1	Bimp_SUPER_GRC	26.531	245	137	6	326	530	55593747	55593022	4.90e-10	66.2	538	90485009
g17107.t1	Bimp_SUPER_GRC	29.327	208	124	7	341	532	27935662	27936264	4.99e-10	66.2	538	90485009
g17107.t1	Bimp_SUPER_GRC	23.193	332	222	7	211	528	21484901	21485839	5.29e-10	65.9	538	90485009
g17107.t1	Bimp_SUPER_GRC	23.622	254	159	8	121	357	40807904	40807197	8.06e-10	65.5	538	90485009
g17107.t1	Bimp_SUPER_GRC	22.581	186	127	4	185	357	51554867	51554322	2.70e-09	51.6	538	90485009
g17107.t1	Bimp_SUPER_GRC	41.860	43	24	1	124	165	51555040	51554912	2.70e-09	32.0	538	90485009
g17107.t1	Bimp_SUPER_GRC	23.051	295	179	9	120	375	89922657	89921800	5.61e-08	59.3	538	90485009
g17107.t1	Bimp_SUPER_GRC	27.500	160	108	3	121	277	65572079	65572543	8.75e-08	58.9	538	90485009
g17107.t1	Bimp_SUPER_GRC	23.132	281	172	8	120	365	15206321	15207136	1.11e-07	58.5	538	90485009
g17107.t1	Bimp_SUPER_GRC	24.691	162	112	4	120	277	36874546	36874079	2.40e-07	57.4	538	90485009
g17107.t1	Bimp_SUPER_GRC	25.466	161	114	4	120	278	45340909	45341379	3.10e-07	57.0	538	90485009
g17107.t1	Bimp_SUPER_GRC	25.397	252	154	9	124	357	52259201	52259908	5.83e-07	56.2	538	90485009
g17107.t1	Bimp_SUPER_GRC	25.466	161	114	4	120	278	45610053	45609583	6.68e-07	55.8	538	90485009
g17107.t1	Bimp_SUPER_GRC	27.027	185	123	5	86	266	22397955	22398485	2.04e-06	54.3	538	90485009
g17107.t1	Bimp_SUPER_GRC	27.027	185	123	5	86	266	22472867	22473397	2.04e-06	54.3	538	90485009
g17107.t1	Bimp_SUPER_GRC	22.699	163	124	2	119	280	90460278	90460763	2.92e-06	53.9	538	90485009
g17107.t1	Bimp_SUPER_GRC	24.138	319	196	14	220	519	50304162	50303287	2.97e-06	53.9	538	90485009
g17107.t1	Bimp_SUPER_GRC	23.108	251	163	8	124	364	84910108	84910800	3.47e-06	53.5	538	90485009
g17107.t1	Bimp_SUPER_GRC	24.800	250	177	7	124	371	52776857	52776135	4.36e-06	53.1	538	90485009
g17107.t1	Bimp_SUPER_GRC	39.706	68	33	2	322	389	4666304	4666483	4.75e-06	53.1	538	90485009
g17107.t1	Bimp_SUPER_GRC	24.460	278	183	10	235	505	45621472	45622245	4.88e-06	53.1	538	90485009
g17107.t1	Bimp_SUPER_GRC	25.180	278	181	11	235	505	54528081	54528854	5.09e-06	53.1	538	90485009
g17107.t1	Bimp_SUPER_GRC	25.806	279	170	9	240	505	86807581	86806817	9.24e-06	52.4	538	90485009
g17107.t1	Bimp_SUPER_1	56.957	539	215	6	1	532	87613638	87615224	2.73e-178	560	538	99073636
g17107.t1	Bimp_SUPER_1	49.107	560	246	12	1	532	58044136	58045782	2.21e-141	454	538	99073636
g17107.t1	Bimp_SUPER_1	52.116	378	166	7	1	365	97059385	97058258	5.27e-105	349	538	99073636
g17107.t1	Bimp_SUPER_1	47.855	303	141	6	3	298	18430178	18431056	1.56e-68	243	538	99073636
g17107.t1	Bimp_SUPER_1	42.415	323	172	5	1	314	54434047	54433094	2.36e-59	216	538	99073636
g17107.t1	Bimp_SUPER_1	36.436	376	214	9	8	367	37936439	37937539	5.63e-57	209	538	99073636
g17107.t1	Bimp_SUPER_1	38.592	355	200	7	5	346	54573221	54572172	6.48e-57	209	538	99073636
g17107.t1	Bimp_SUPER_1	34.857	350	220	5	1	346	80844197	80845234	1.57e-53	199	538	99073636
g17107.t1	Bimp_SUPER_1	60.811	148	56	2	147	293	41083192	41082752	2.19e-53	171	538	99073636
g17107.t1	Bimp_SUPER_1	33.000	100	66	1	1	99	41083583	41083284	2.19e-53	42.0	538	99073636
g17107.t1	Bimp_SUPER_1	64.286	28	10	0	123	150	41083254	41083171	2.19e-53	40.0	538	99073636
g17107.t1	Bimp_SUPER_1	36.188	362	212	8	1	346	4934802	4935878	2.78e-52	195	538	99073636
g17107.t1	Bimp_SUPER_1	41.532	248	133	3	109	344	77945840	77945097	5.63e-51	191	538	99073636
g17107.t1	Bimp_SUPER_1	40.090	222	108	5	136	344	77910607	77909978	5.05e-41	155	538	99073636
g17107.t1	Bimp_SUPER_1	27.660	141	91	5	1	136	77910993	77910589	5.05e-41	35.0	538	99073636
g17107.t1	Bimp_SUPER_1	40.260	231	122	5	1	222	64539018	64539689	2.15e-35	145	538	99073636
g17107.t1	Bimp_SUPER_1	87.931	58	7	0	150	207	66399954	66400127	4.01e-34	110	538	99073636
g17107.t1	Bimp_SUPER_1	85.714	28	4	0	121	148	66399868	66399951	4.01e-34	57.0	538	99073636
g17107.t1	Bimp_SUPER_1	31.455	213	115	6	283	477	20409944	20410543	1.83e-21	90.9	538	99073636
g17107.t1	Bimp_SUPER_1	50.000	56	27	1	477	532	20410527	20410691	1.83e-21	34.3	538	99073636
g17107.t1	Bimp_SUPER_1	30.204	245	165	5	264	503	65468024	65468755	6.55e-16	85.1	538	99073636
g17107.t1	Bimp_SUPER_1	26.360	239	151	5	288	503	50954608	50955318	9.87e-15	81.3	538	99073636
g17107.t1	Bimp_SUPER_1	27.138	269	159	10	285	528	98908368	98909138	1.87e-14	80.5	538	99073636
g17107.t1	Bimp_SUPER_1	65.217	46	16	0	125	170	53358517	53358380	7.00e-14	65.5	538	99073636
g17107.t1	Bimp_SUPER_1	35.938	64	41	0	36	99	53358750	53358559	7.00e-14	33.9	538	99073636
g17107.t1	Bimp_SUPER_1	40.230	87	52	0	102	188	90557433	90557693	7.79e-14	78.2	538	99073636
g17107.t1	Bimp_SUPER_1	24.771	327	215	11	211	531	33045210	33044305	6.88e-12	72.0	538	99073636
g17107.t1	Bimp_SUPER_1	25.882	255	148	5	316	530	34423554	34424315	1.91e-10	67.4	538	99073636
g17107.t1	Bimp_SUPER_1	43.617	94	53	0	416	509	48938291	48938572	2.03e-10	67.4	538	99073636
g17107.t1	Bimp_SUPER_1	23.373	338	221	8	211	531	38383799	38384749	2.23e-10	67.0	538	99073636
g17107.t1	Bimp_SUPER_1	23.373	338	221	8	211	531	17121442	17120492	3.33e-10	66.6	538	99073636
g17107.t1	Bimp_SUPER_1	24.159	327	217	11	211	531	79753274	79752369	3.17e-09	63.5	538	99073636
g17107.t1	Bimp_SUPER_1	23.132	281	172	8	120	365	56663378	56664193	2.38e-07	57.4	538	99073636
g17107.t1	Bimp_SUPER_1	21.691	272	175	7	120	359	26914328	26915125	1.69e-06	54.7	538	99073636
g17107.t1	Bimp_SUPER_1	22.776	281	173	8	120	365	47370540	47369725	1.77e-06	54.7	538	99073636
g17107.t1	Bimp_SUPER_1	20.221	272	179	5	120	359	35471717	35470920	2.06e-06	54.3	538	99073636
g17107.t1	Bimp_SUPER_1	20.221	272	179	5	120	359	31969213	31968416	2.66e-06	53.9	538	99073636
g17107.t1	Bimp_SUPER_1	24.460	278	183	10	235	505	93892117	93891344	6.14e-06	52.8	538	99073636
g17107.t1	Bimp_SUPER_1	21.173	392	237	13	180	525	51271309	51272406	9.16e-06	52.4	538	99073636
g17107.t1	Bimp_SUPER_2	78.136	279	52	3	17	294	60555641	60556453	2.37e-149	394	538	64544997
g17107.t1	Bimp_SUPER_2	69.027	113	32	2	289	401	60556431	60556760	2.37e-149	157	538	64544997
g17107.t1	Bimp_SUPER_2	56.951	223	82	3	1	214	39579614	39580267	9.89e-112	219	538	64544997
g17107.t1	Bimp_SUPER_2	56.951	223	82	3	1	214	39589487	39590140	9.89e-112	219	538	64544997
g17107.t1	Bimp_SUPER_2	44.161	274	129	8	227	482	39580287	39581090	9.89e-112	207	538	64544997
g17107.t1	Bimp_SUPER_2	44.161	274	129	8	227	482	39590160	39590963	9.89e-112	207	538	64544997
g17107.t1	Bimp_SUPER_2	34.783	23	15	0	510	532	39581117	39581185	9.89e-112	21.9	538	64544997
g17107.t1	Bimp_SUPER_2	34.783	23	15	0	510	532	39590990	39591058	9.89e-112	21.9	538	64544997
g17107.t1	Bimp_SUPER_2	58.982	334	118	6	1	320	39606976	39607962	6.46e-106	352	538	64544997
g17107.t1	Bimp_SUPER_2	45.722	374	185	8	1	364	42869470	42870567	1.72e-83	287	538	64544997
g17107.t1	Bimp_SUPER_2	39.791	382	201	9	1	360	63760453	63759329	4.25e-69	245	538	64544997
g17107.t1	Bimp_SUPER_2	36.141	368	210	6	1	346	48739482	48740576	6.57e-58	212	538	64544997
g17107.t1	Bimp_SUPER_2	36.436	376	214	9	8	367	59217206	59218306	5.03e-57	209	538	64544997
g17107.t1	Bimp_SUPER_2	35.054	368	208	10	1	346	79221	78145	3.38e-52	195	538	64544997
g17107.t1	Bimp_SUPER_2	79.851	134	25	1	400	533	60557065	60557460	2.20e-48	184	538	64544997
g17107.t1	Bimp_SUPER_2	48.684	152	62	4	141	279	2069311	2068865	1.06e-30	131	538	64544997
g17107.t1	Bimp_SUPER_2	35.377	212	124	3	334	532	39610210	39610845	2.55e-26	117	538	64544997
g17107.t1	Bimp_SUPER_2	36.872	179	104	4	1	175	2069690	2069169	1.99e-19	96.3	538	64544997
g17107.t1	Bimp_SUPER_2	28.975	283	177	7	257	532	62504209	62505006	2.17e-15	83.2	538	64544997
g17107.t1	Bimp_SUPER_2	25.498	251	161	8	124	357	61198410	61197685	1.72e-13	77.0	538	64544997
g17107.t1	Bimp_SUPER_2	25.806	279	178	9	269	532	97189	97983	9.69e-11	68.2	538	64544997
g17107.t1	Bimp_SUPER_2	26.667	285	181	8	257	532	2112763	2113560	1.12e-10	68.2	538	64544997
g17107.t1	Bimp_SUPER_2	23.162	272	176	4	288	531	14468063	14468863	1.64e-09	64.3	538	64544997
g17107.t1	Bimp_SUPER_2	27.807	187	122	4	348	531	49618405	49618935	6.06e-08	59.3	538	64544997
g17107.t1	Bimp_SUPER_2	24.581	179	131	3	97	274	53174982	53174455	2.30e-07	57.4	538	64544997
g17107.t1	Bimp_SUPER_2	21.429	392	236	13	180	525	63405608	63404511	2.95e-06	53.9	538	64544997
g17107.t1	Bimp_SUPER_X	46.361	371	175	7	1	360	7905702	7904629	2.82e-85	292	538	65148993
g17107.t1	Bimp_SUPER_X	45.722	374	185	8	1	364	22805665	22804568	1.69e-83	287	538	65148993
g17107.t1	Bimp_SUPER_X	46.361	371	175	7	1	360	32252270	32253343	1.43e-82	284	538	65148993
g17107.t1	Bimp_SUPER_X	42.547	369	192	8	1	354	51771364	51772455	1.35e-75	264	538	65148993
g17107.t1	Bimp_SUPER_X	42.276	369	193	8	1	354	40546559	40547650	4.79e-75	262	538	65148993
g17107.t1	Bimp_SUPER_X	48.428	318	147	7	3	313	40813386	40814309	3.07e-72	254	538	65148993
g17107.t1	Bimp_SUPER_X	39.418	378	208	7	1	360	49600225	49601349	3.79e-69	245	538	65148993
g17107.t1	Bimp_SUPER_X	38.344	326	189	6	1	318	46296050	46295085	1.45e-54	202	538	65148993
g17107.t1	Bimp_SUPER_X	34.857	350	220	5	1	346	31459622	31460659	1.21e-53	199	538	65148993
g17107.t1	Bimp_SUPER_X	43.277	238	121	4	123	346	1843473	1842760	6.19e-53	197	538	65148993
g17107.t1	Bimp_SUPER_X	45.217	230	120	3	123	346	3465253	3464564	4.83e-52	195	538	65148993
g17107.t1	Bimp_SUPER_X	41.709	199	112	3	335	532	35183750	35184337	4.23e-31	132	538	65148993
g17107.t1	Bimp_SUPER_X	41.709	199	112	3	335	532	8112265	8112852	4.39e-31	132	538	65148993
g17107.t1	Bimp_SUPER_X	30.204	245	165	5	264	503	7934711	7935442	6.72e-16	85.1	538	65148993
g17107.t1	Bimp_SUPER_X	25.532	329	195	11	195	503	7893805	7894701	1.09e-14	80.9	538	65148993
g17107.t1	Bimp_SUPER_X	59.091	44	17	1	194	236	400949	400818	1.99e-14	54.7	538	65148993
g17107.t1	Bimp_SUPER_X	76.923	26	6	0	237	262	400816	400739	1.99e-14	46.6	538	65148993
g17107.t1	Bimp_SUPER_X	26.923	234	146	5	293	503	24861886	24861191	2.06e-14	80.1	538	65148993
g17107.t1	Bimp_SUPER_X	25.234	214	133	4	293	482	1072458	1073090	1.01e-13	77.8	538	65148993
g17107.t1	Bimp_SUPER_X	25.100	251	162	7	124	357	64619094	64618369	6.73e-13	75.5	538	65148993
g17107.t1	Bimp_SUPER_X	24.771	327	215	11	211	531	1202498	1203403	1.27e-11	71.2	538	65148993
g17107.t1	Bimp_SUPER_X	28.718	195	126	4	340	531	56762114	56761560	5.36e-11	69.3	538	65148993
g17107.t1	Bimp_SUPER_X	24.926	337	211	12	211	532	65087269	65088198	7.24e-11	68.9	538	65148993
g17107.t1	Bimp_SUPER_X	30.412	194	123	4	341	532	60518195	60517644	1.57e-10	67.8	538	65148993
g17107.t1	Bimp_SUPER_X	25.373	201	116	4	316	482	37736406	37735804	1.77e-09	64.3	538	65148993
g17107.t1	Bimp_SUPER_X	28.682	129	80	3	340	465	60741947	60742306	1.27e-07	58.2	538	65148993
g17107.t1	Bimp_SUPER_X	24.691	162	112	4	120	277	64326616	64327083	2.40e-07	57.4	538	65148993
g17107.t1	Bimp_SUPER_3	45.822	371	177	7	1	360	27767212	27768285	1.52e-84	290	538	58899673
g17107.t1	Bimp_SUPER_3	36.413	368	209	6	1	346	22361020	22359926	6.47e-59	215	538	58899673
g17107.t1	Bimp_SUPER_3	38.592	355	200	7	5	346	40127538	40128587	6.48e-57	209	538	58899673
g17107.t1	Bimp_SUPER_3	36.088	363	213	8	1	347	29121301	29122380	4.92e-52	195	538	58899673
g17107.t1	Bimp_SUPER_3	33.083	266	148	5	283	532	58142787	58142032	9.16e-26	115	538	58899673
g17107.t1	Bimp_SUPER_3	62.319	69	26	0	124	192	16326446	16326240	3.01e-25	91.7	538	58899673
g17107.t1	Bimp_SUPER_3	34.831	89	57	1	1	88	16326801	16326535	3.01e-25	46.2	538	58899673
g17107.t1	Bimp_SUPER_3	50.000	68	34	0	150	217	5079800	5080003	1.86e-21	72.4	538	58899673
g17107.t1	Bimp_SUPER_3	27.891	147	102	3	1	146	5079363	5079794	1.86e-21	52.4	538	58899673
g17107.t1	Bimp_SUPER_3	40.351	114	64	2	204	314	47229963	47230301	2.86e-17	89.4	538	58899673
g17107.t1	Bimp_SUPER_3	30.120	249	160	5	264	503	19180419	19181150	2.10e-16	86.7	538	58899673
g17107.t1	Bimp_SUPER_3	29.644	253	156	4	264	503	3522189	3522920	3.60e-16	85.9	538	58899673
g17107.t1	Bimp_SUPER_3	31.683	202	113	5	315	503	23270456	23269887	5.55e-16	85.1	538	58899673
g17107.t1	Bimp_SUPER_3	31.683	202	113	5	315	503	47958982	47958413	9.27e-16	84.3	538	58899673
g17107.t1	Bimp_SUPER_3	36.571	175	83	6	205	370	48369791	48369324	3.74e-14	79.3	538	58899673
g17107.t1	Bimp_SUPER_3	39.423	104	59	2	214	314	5084216	5084524	1.11e-13	77.8	538	58899673
g17107.t1	Bimp_SUPER_3	25.498	251	161	8	124	357	11131270	11130545	2.45e-13	76.6	538	58899673
g17107.t1	Bimp_SUPER_3	23.649	296	173	11	211	482	52972630	52973430	1.62e-11	70.9	538	58899673
g17107.t1	Bimp_SUPER_3	28.205	195	127	4	340	531	9798540	9797986	4.04e-11	69.7	538	58899673
g17107.t1	Bimp_SUPER_3	24.629	337	212	12	211	532	384339	383410	2.74e-10	67.0	538	58899673
g17107.t1	Bimp_SUPER_3	21.691	272	175	7	120	359	37810686	37811483	3.52e-07	57.0	538	58899673
g17107.t1	Bimp_SUPER_3	24.432	176	102	6	288	436	30527531	30528046	3.66e-07	45.4	538	58899673
g17107.t1	Bimp_SUPER_3	34.375	64	42	0	440	503	30528057	30528248	3.66e-07	30.8	538	58899673
g17107.t1	Bimp_SUPER_3	40.000	40	24	0	142	181	51007857	51007976	1.47e-06	32.7	538	58899673
g17107.t1	Bimp_SUPER_3	57.143	21	9	0	244	264	51008072	51008134	1.47e-06	31.2	538	58899673
g17107.t1	Bimp_SUPER_3	63.158	19	7	0	206	224	51007993	51008049	1.47e-06	28.5	538	58899673
g17107.t1	Bimp_SUPER_GRC_unloc_47	41.709	199	112	3	335	532	81861	81274	3.85e-31	132	538	96984
g17107.t1	Bimp_SUPER_GRC_unloc_47	41.709	199	112	3	335	532	56702	56115	4.29e-31	132	538	96984
g17107.t1	Bimp_SUPER_GRC_unloc_47	41.709	199	112	3	335	532	29213	28626	4.29e-31	132	538	96984
g17107.t1	Bimp_SUPER_GRC_unloc_14	41.709	199	112	3	335	532	156185	155598	3.87e-31	132	538	166987
g17107.t1	Bimp_SUPER_GRC_unloc_9	41.709	199	112	3	335	532	129151	128564	3.88e-31	132	538	207803
g17107.t1	Bimp_SUPER_GRC_unloc_9	41.709	199	112	3	335	532	106634	106047	4.86e-31	132	538	207803
g17107.t1	Bimp_SUPER_GRC_unloc_12	41.709	199	112	3	335	532	56006	56593	4.24e-31	132	538	171078
g17107.t1	Bimp_SUPER_GRC_unloc_1	41.709	199	112	3	335	532	553746	553159	4.26e-31	132	538	574657
g18444.t1	Bimp_SUPER_X	90.110	91	9	0	73	163	27388673	27388945	1.88e-50	176	181	65148993
g18444.t1	Bimp_SUPER_X	100.000	72	0	0	1	72	27333020	27333235	1.81e-25	105	181	65148993
g19161.t1	Bimp_SUPER_1	40.566	106	58	2	53	154	73564472	73564158	3.07e-14	73.6	194	99073636
