g491.t1	Ling_SUPER_1	75.000	188	47	0	88	275	38698070	38698633	3.40e-92	300	275	76508704
g491.t1	Ling_SUPER_1	32.850	207	117	5	83	267	26353660	26354280	3.16e-24	105	275	76508704
g491.t1	Ling_SUPER_1	31.579	209	119	6	83	267	30879833	30880459	5.49e-21	95.5	275	76508704
g491.t1	Ling_SUPER_1	31.579	209	119	6	83	267	37432933	37433559	5.49e-21	95.5	275	76508704
g491.t1	Ling_SUPER_1	33.161	193	119	6	83	267	36982766	36982194	7.06e-18	86.3	275	76508704
g491.t1	Ling_SUPER_1	34.146	164	85	5	128	268	52424309	52424800	3.83e-16	81.3	275	76508704
g491.t1	Ling_SUPER_1	30.061	163	101	5	112	267	26218178	26217708	6.81e-15	77.4	275	76508704
g491.t1	Ling_SUPER_1	30.061	163	101	5	112	267	24241395	24240925	6.81e-15	77.4	275	76508704
g491.t1	Ling_SUPER_1	35.484	124	72	3	79	195	65096347	65095979	4.63e-11	66.2	275	76508704
g491.t1	Ling_SUPER_1	33.028	109	67	3	83	187	43726593	43726913	2.47e-08	57.8	275	76508704
g491.t1	Ling_SUPER_X	40.952	210	119	3	61	267	32970452	32971075	5.46e-46	167	275	67901076
g491.t1	Ling_SUPER_X	39.362	94	57	0	83	176	40856812	40856531	5.80e-18	71.2	275	67901076
g491.t1	Ling_SUPER_X	35.484	62	36	1	211	268	40856432	40856247	5.80e-18	40.4	275	67901076
g491.t1	Ling_SUPER_X	31.902	163	98	5	112	267	63335163	63335633	3.09e-16	81.6	275	67901076
g491.t1	Ling_SUPER_X	30.159	189	118	7	84	267	32476155	32476694	6.29e-16	80.5	275	67901076
g491.t1	Ling_SUPER_X	29.412	221	124	7	82	271	15806807	15807466	7.04e-16	80.5	275	67901076
g491.t1	Ling_SUPER_X	29.412	221	124	7	82	271	46611359	46612018	7.04e-16	80.5	275	67901076
g491.t1	Ling_SUPER_X	46.067	89	48	0	83	171	19967068	19967334	1.22e-14	76.6	275	67901076
g491.t1	Ling_SUPER_X	42.424	66	38	0	82	147	29866119	29866316	3.27e-08	57.4	275	67901076
g491.t1	Ling_SUPER_X	24.312	218	125	7	80	269	41367017	41366400	2.75e-07	54.7	275	67901076
g491.t1	Ling_SUPER_2	33.014	209	117	6	83	268	55615994	55615368	1.01e-23	103	275	56451848
g491.t1	Ling_SUPER_2	28.319	226	138	4	67	268	36446672	36447349	4.02e-21	95.9	275	56451848
g491.t1	Ling_SUPER_2	31.579	209	119	6	83	267	36522294	36522920	5.49e-21	95.5	275	56451848
g491.t1	Ling_SUPER_GRC1	30.288	208	121	4	84	267	18981607	18980984	1.27e-19	91.7	275	36229871
g491.t1	Ling_SUPER_GRC1	32.051	156	88	6	122	267	4079839	4079396	1.41e-12	70.5	275	36229871
g491.t1	Ling_SUPER_GRC1	30.657	137	84	2	60	187	12052614	12052210	2.31e-10	63.9	275	36229871
g491.t1	Ling_SUPER_GRC1	27.083	144	98	4	131	268	32592381	32592809	7.76e-09	59.3	275	36229871
g491.t1	Ling_SUPER_3	33.161	193	119	6	83	267	9812991	9813563	6.62e-18	86.7	275	52603560
g491.t1	Ling_SUPER_3	31.183	186	104	5	106	267	3401731	3401174	2.89e-17	84.7	275	52603560
g491.t1	Ling_SUPER_3	31.500	200	124	7	80	270	52578605	52579192	8.65e-17	83.2	275	52603560
g491.t1	Ling_SUPER_3	31.034	203	123	7	76	267	11512892	11513482	4.93e-16	80.9	275	52603560
g491.t1	Ling_SUPER_3	29.814	161	104	4	112	267	44115535	44116005	1.25e-14	76.6	275	52603560
g491.t1	Ling_SUPER_3	32.215	149	88	4	83	221	3098706	3099143	8.73e-11	65.5	275	52603560
g491.t1	Ling_SUPER_3	26.111	180	103	7	115	269	17808158	17807634	1.04e-07	55.8	275	52603560
g491.t1	Ling_SUPER_3	31.034	87	53	2	76	159	4279152	4279400	1.46e-07	41.2	275	52603560
g491.t1	Ling_SUPER_3	28.205	117	74	5	159	267	4279396	4279740	1.46e-07	34.7	275	52603560
g491.t1	Ling_SUPER_3	23.558	208	142	7	82	274	20892058	20892675	3.21e-07	54.3	275	52603560
g491.t1	Ling_SUPER_3	22.791	215	131	7	80	267	5626805	5626185	3.61e-07	54.3	275	52603560
g491.t1	Ling_SUPER_3	24.885	217	128	9	82	274	10363462	10364079	4.06e-07	54.3	275	52603560
g491.t1	Ling_SUPER_GRC2	29.814	161	104	4	112	267	34884604	34885074	1.27e-14	76.6	275	34896639
g596.t1	Ling_SUPER_X	66.593	452	146	2	102	553	28972804	28974144	0.0	614	580	67901076
g596.t1	Ling_SUPER_X	65.087	401	137	2	100	498	35156176	35157375	2.72e-173	548	580	67901076
g596.t1	Ling_SUPER_X	35.909	220	131	5	109	328	41120280	41120909	3.44e-53	137	580	67901076
g596.t1	Ling_SUPER_X	35.909	220	131	5	109	328	23657009	23656380	3.44e-53	137	580	67901076
g596.t1	Ling_SUPER_X	34.177	158	101	1	343	500	41121022	41121486	3.44e-53	94.4	580	67901076
g596.t1	Ling_SUPER_X	34.177	158	101	1	343	500	23656267	23655803	3.44e-53	94.4	580	67901076
g596.t1	Ling_SUPER_X	34.821	224	136	5	98	321	30581541	30580900	3.92e-53	134	580	67901076
g596.t1	Ling_SUPER_X	37.037	135	85	0	343	477	30580781	30580377	3.92e-53	97.1	580	67901076
g596.t1	Ling_SUPER_X	31.282	390	256	7	111	499	22969254	22970390	2.49e-49	187	580	67901076
g596.t1	Ling_SUPER_X	33.168	202	128	5	100	299	43362002	43362592	1.61e-22	106	580	67901076
g596.t1	Ling_SUPER_X	41.781	146	76	2	6	143	28972276	28972710	1.46e-21	103	580	67901076
g596.t1	Ling_SUPER_X	33.758	157	103	1	344	500	43362909	43363376	8.04e-21	100	580	67901076
g596.t1	Ling_SUPER_X	47.561	82	42	1	1	81	28969904	28970149	3.69e-12	72.8	580	67901076
g596.t1	Ling_SUPER_X	41.573	89	51	1	12	100	35155660	35155923	1.09e-08	61.6	580	67901076
g596.t1	Ling_SUPER_1	66.593	452	146	2	102	553	9763594	9764934	0.0	614	580	76508704
g596.t1	Ling_SUPER_1	66.593	452	146	2	102	553	9768690	9767350	0.0	614	580	76508704
g596.t1	Ling_SUPER_1	35.027	374	235	5	104	476	60839015	60840115	5.78e-57	210	580	76508704
g596.t1	Ling_SUPER_1	31.529	314	183	5	104	413	39787557	39786700	5.45e-43	169	580	76508704
g596.t1	Ling_SUPER_1	37.037	135	85	0	343	477	7158167	7157763	4.35e-35	97.4	580	76508704
g596.t1	Ling_SUPER_1	38.462	104	61	3	218	321	7158588	7158286	4.35e-35	73.6	580	76508704
g596.t1	Ling_SUPER_1	41.781	146	76	2	6	143	9763066	9763500	1.46e-21	103	580	76508704
g596.t1	Ling_SUPER_1	41.781	146	76	2	6	143	9769218	9768784	1.46e-21	103	580	76508704
g596.t1	Ling_SUPER_1	47.561	82	42	1	1	81	9760694	9760939	3.69e-12	72.8	580	76508704
g596.t1	Ling_SUPER_1	47.561	82	42	1	1	81	9771590	9771345	3.69e-12	72.8	580	76508704
g596.t1	Ling_SUPER_2	66.593	452	146	2	102	553	16353169	16354509	0.0	612	580	56451848
g596.t1	Ling_SUPER_2	35.870	184	116	2	317	500	6556902	6557447	7.74e-25	113	580	56451848
g596.t1	Ling_SUPER_2	30.741	270	159	9	41	304	6555041	6555784	6.77e-22	103	580	56451848
g596.t1	Ling_SUPER_2	41.781	146	76	2	6	143	16352641	16353075	1.51e-21	103	580	56451848
g596.t1	Ling_SUPER_2	47.561	82	42	1	1	81	16350276	16350521	3.69e-12	72.8	580	56451848
g596.t1	Ling_SUPER_3	64.951	408	140	2	100	505	15442323	15443543	4.02e-177	559	580	52603560
g596.t1	Ling_SUPER_3	41.026	156	91	1	344	499	7809839	7810303	3.56e-27	120	580	52603560
g596.t1	Ling_SUPER_3	41.026	156	91	1	344	499	7818633	7819097	3.56e-27	120	580	52603560
g596.t1	Ling_SUPER_3	41.026	156	91	1	344	499	7827546	7828010	3.56e-27	120	580	52603560
g596.t1	Ling_SUPER_3	37.500	136	85	0	342	477	8855308	8854901	2.09e-22	105	580	52603560
g596.t1	Ling_SUPER_3	37.500	136	85	0	342	477	8831453	8831046	2.09e-22	105	580	52603560
g596.t1	Ling_SUPER_3	37.500	136	85	0	342	477	8809787	8809380	2.77e-22	105	580	52603560
g596.t1	Ling_SUPER_3	33.168	202	128	5	100	299	18598207	18598797	3.10e-22	105	580	52603560
g596.t1	Ling_SUPER_3	33.758	157	103	1	344	500	18599114	18599581	8.04e-21	100	580	52603560
g596.t1	Ling_SUPER_3	29.932	147	92	4	127	270	8857628	8857212	2.47e-11	70.1	580	52603560
g596.t1	Ling_SUPER_3	29.932	147	92	4	127	270	8833774	8833358	3.17e-11	70.1	580	52603560
g596.t1	Ling_SUPER_3	29.932	147	92	4	127	270	8812108	8811692	3.17e-11	70.1	580	52603560
g596.t1	Ling_SUPER_3	41.573	89	51	1	12	100	15441807	15442070	1.16e-08	61.6	580	52603560
g596.t1	SCAFFOLD_282	60.045	443	169	4	65	503	12157	13473	9.88e-167	529	580	15255
g596.t1	SCAFFOLD_282	38.261	115	61	3	16	120	11758	12102	2.21e-12	73.6	580	15255
g596.t1	Ling_SUPER_GRC1	33.484	221	138	4	106	326	15010219	15010854	3.51e-53	130	580	36229871
g596.t1	Ling_SUPER_GRC1	33.484	221	138	4	106	326	15076392	15077027	3.51e-53	130	580	36229871
g596.t1	Ling_SUPER_GRC1	36.478	159	98	1	343	501	15010955	15011422	3.51e-53	100	580	36229871
g596.t1	Ling_SUPER_GRC1	36.478	159	98	1	343	501	15077128	15077595	3.51e-53	100	580	36229871
g596.t1	Ling_SUPER_GRC1	35.922	103	66	0	342	444	15478	15786	2.17e-12	73.6	580	36229871
g596.t1	Ling_SUPER_GRC1	40.217	92	54	1	162	253	12225364	12225092	4.54e-12	72.8	580	36229871
g596.t1	Ling_SUPER_GRC2	33.696	368	237	5	109	476	3348658	3347576	2.41e-41	164	580	34896639
g596.t1	Ling_SUPER_GRC2	32.692	260	160	5	65	321	21044015	21043272	8.79e-35	144	580	34896639
g596.t1	Ling_SUPER_GRC2	39.844	128	77	0	354	481	21042510	21042127	1.23e-21	103	580	34896639
g596.t1	SCAFFOLD_143	41.026	156	91	1	344	499	37024	36560	3.44e-27	120	580	39167
g596.t1	SCAFFOLD_143	31.933	119	74	3	186	301	37952	37608	1.16e-13	61.6	580	39167
g596.t1	SCAFFOLD_143	42.222	45	23	1	143	184	38089	37955	1.16e-13	37.4	580	39167
g596.t1	SCAFFOLD_46	40.385	156	92	1	344	499	2875	3339	2.78e-26	117	580	165663
g596.t1	SCAFFOLD_46	32.990	194	119	5	110	299	1724	2284	2.90e-22	105	580	165663
g596.t1	SCAFFOLD_46	35.714	84	48	2	220	301	450	211	2.94e-11	47.0	580	165663
g596.t1	SCAFFOLD_46	33.333	57	38	0	155	211	650	480	2.94e-11	43.5	580	165663
g6396.t1	Ling_SUPER_GRC1	48.728	511	246	7	1	508	4077573	4079066	3.00e-141	452	509	36229871
g6396.t1	Ling_SUPER_GRC1	39.122	524	287	12	1	504	32585750	32584215	1.44e-99	332	509	36229871
g6396.t1	Ling_SUPER_GRC1	30.740	527	324	17	2	507	7264154	7262634	1.00e-62	225	509	36229871
g6396.t1	Ling_SUPER_GRC1	30.769	481	305	14	31	500	32485176	32486567	1.88e-52	195	509	36229871
g6396.t1	Ling_SUPER_GRC1	32.547	212	131	5	30	230	20699044	20699676	5.01e-31	131	509	36229871
g6396.t1	Ling_SUPER_GRC1	29.885	261	155	8	1	235	5690984	5690208	1.83e-24	111	509	36229871
g6396.t1	Ling_SUPER_GRC1	26.875	320	203	11	133	435	4820004	4819087	6.57e-20	97.1	509	36229871
g6396.t1	Ling_SUPER_GRC1	25.862	348	229	10	133	461	4813686	4812673	1.88e-18	92.4	509	36229871
g6396.t1	Ling_SUPER_GRC1	24.695	328	223	12	133	446	4815735	4814782	1.29e-17	89.7	509	36229871
g6396.t1	Ling_SUPER_GRC1	22.424	330	233	8	131	446	4817842	4816880	4.15e-16	85.1	509	36229871
g6396.t1	Ling_SUPER_GRC1	58.824	51	20	1	41	90	11897320	11897472	1.25e-08	61.2	509	36229871
g6396.t1	Ling_SUPER_2	42.804	535	277	10	1	508	10621468	10623066	9.60e-118	384	509	56451848
g6396.t1	Ling_SUPER_2	31.467	518	322	13	2	505	23277660	23276164	2.17e-65	233	509	56451848
g6396.t1	Ling_SUPER_2	32.231	484	286	11	1	454	3134437	3135852	3.16e-62	223	509	56451848
g6396.t1	Ling_SUPER_2	30.784	523	323	11	2	498	49293489	49295018	2.22e-61	221	509	56451848
g6396.t1	Ling_SUPER_2	30.864	486	310	10	32	494	34650442	34648994	3.39e-59	214	509	56451848
g6396.t1	Ling_SUPER_2	30.223	493	309	15	32	496	38641279	38639822	1.08e-50	190	509	56451848
g6396.t1	Ling_SUPER_2	25.751	466	303	13	1	435	16636978	16635617	9.70e-44	169	509	56451848
g6396.t1	Ling_SUPER_2	26.923	416	238	13	32	382	51578223	51576979	1.97e-29	126	509	56451848
g6396.t1	Ling_SUPER_2	26.108	406	264	14	32	405	35312696	35311491	7.87e-23	106	509	56451848
g6396.t1	Ling_SUPER_2	28.125	256	128	7	32	231	18275298	18274531	2.32e-22	104	509	56451848
g6396.t1	Ling_SUPER_2	25.263	190	131	5	32	211	30217524	30216958	8.51e-11	68.2	509	56451848
g6396.t1	Ling_SUPER_2	35.955	89	46	2	37	114	10614026	10614292	9.41e-06	52.0	509	56451848
g6396.t1	Ling_SUPER_3	40.805	522	285	11	1	501	44111525	44113081	1.61e-105	349	509	52603560
g6396.t1	Ling_SUPER_3	28.843	527	338	12	2	492	25198382	25199959	8.96e-63	225	509	52603560
g6396.t1	Ling_SUPER_3	28.571	518	337	13	2	501	16970807	16969299	4.56e-52	194	509	52603560
g6396.t1	Ling_SUPER_3	29.018	448	266	12	2	406	28574173	28572857	6.56e-44	169	509	52603560
g6396.t1	Ling_SUPER_3	26.230	488	330	8	1	459	44091439	44092899	2.78e-43	168	509	52603560
g6396.t1	Ling_SUPER_3	25.323	387	227	15	60	405	45092587	45093684	1.50e-21	102	509	52603560
g6396.t1	Ling_SUPER_3	27.027	259	154	7	32	255	10437813	10437037	5.91e-17	87.8	509	52603560
g6396.t1	Ling_SUPER_1	40.805	522	285	11	1	501	26222186	26220630	3.79e-105	348	509	76508704
g6396.t1	Ling_SUPER_1	40.805	522	285	11	1	501	24245403	24243847	3.79e-105	348	509	76508704
g6396.t1	Ling_SUPER_1	30.571	543	333	14	1	501	21943798	21942176	3.10e-69	244	509	76508704
g6396.t1	Ling_SUPER_1	28.913	543	330	14	1	496	51152946	51151345	2.03e-56	206	509	76508704
g6396.t1	Ling_SUPER_1	31.336	434	272	10	60	484	6265786	6267036	3.68e-55	203	509	76508704
g6396.t1	Ling_SUPER_1	30.333	511	303	13	2	472	70593966	70592473	2.23e-52	194	509	76508704
g6396.t1	Ling_SUPER_1	29.079	478	317	11	31	501	533310	531922	1.05e-50	190	509	76508704
g6396.t1	Ling_SUPER_1	30.369	461	281	15	1	435	60437109	60435769	1.06e-50	190	509	76508704
g6396.t1	Ling_SUPER_1	36.986	146	88	3	83	225	22727511	22727077	6.98e-45	102	509	76508704
g6396.t1	Ling_SUPER_1	28.889	270	180	4	245	508	22727015	22726224	6.98e-45	100	509	76508704
g6396.t1	Ling_SUPER_1	29.047	451	265	12	2	402	17590803	17589466	6.97e-38	152	509	76508704
g6396.t1	Ling_SUPER_1	28.369	423	266	16	13	405	14704055	14705302	8.28e-31	130	509	76508704
g6396.t1	Ling_SUPER_1	34.286	140	82	3	29	159	11723657	11723241	3.03e-25	81.3	509	76508704
g6396.t1	Ling_SUPER_1	29.752	121	68	6	159	267	11723176	11722829	3.03e-25	56.2	509	76508704
g6396.t1	Ling_SUPER_1	29.524	210	138	6	30	231	48839568	48840191	7.30e-20	97.1	509	76508704
g6396.t1	Ling_SUPER_1	29.474	190	124	4	32	211	58550572	58550003	9.79e-18	90.1	509	76508704
g6396.t1	Ling_SUPER_1	29.487	156	103	2	30	178	12933233	12932766	5.88e-15	81.6	509	76508704
g6396.t1	Ling_SUPER_1	27.429	175	111	7	43	204	6836708	6837223	9.12e-09	61.6	509	76508704
g6396.t1	Ling_SUPER_1	37.363	91	56	1	31	120	5465878	5465606	1.10e-07	58.2	509	76508704
g6396.t1	Ling_SUPER_1	41.176	51	29	1	356	406	18501814	18501963	9.71e-07	46.2	509	76508704
g6396.t1	Ling_SUPER_1	37.500	40	24	1	424	462	18502016	18502135	9.71e-07	28.1	509	76508704
g6396.t1	Ling_SUPER_GRC2	40.805	522	285	11	1	501	34880603	34882159	1.25e-104	347	509	34896639
g6396.t1	Ling_SUPER_GRC2	29.258	458	267	12	2	406	6577698	6576337	1.26e-38	154	509	34896639
g6396.t1	Ling_SUPER_GRC2	38.462	91	55	1	31	120	3957137	3956865	1.36e-08	60.8	509	34896639
g6396.t1	Ling_SUPER_X	39.015	528	286	13	1	501	63331523	63333079	4.50e-98	328	509	67901076
g6396.t1	Ling_SUPER_X	31.151	504	313	14	1	475	3495440	3493944	9.21e-64	228	509	67901076
g6396.t1	Ling_SUPER_X	29.282	543	341	13	2	507	28377822	28376212	7.07e-63	225	509	67901076
g6396.t1	Ling_SUPER_X	31.718	454	286	9	2	436	21762892	21764238	1.30e-62	224	509	67901076
g6396.t1	Ling_SUPER_X	29.151	542	320	15	1	489	5355921	5357513	7.98e-57	207	509	67901076
g6396.t1	Ling_SUPER_X	31.423	506	305	16	2	484	50503785	50505245	1.99e-55	204	509	67901076
g6396.t1	Ling_SUPER_X	30.580	448	268	12	2	406	56147249	56148592	1.55e-45	174	509	67901076
g6396.t1	Ling_SUPER_X	29.032	496	297	18	1	464	49494802	49493384	1.66e-44	171	509	67901076
g6396.t1	Ling_SUPER_X	41.216	148	86	1	243	390	32480155	32480595	2.31e-26	82.8	509	67901076
g6396.t1	Ling_SUPER_X	35.484	62	38	1	181	240	32479970	32480155	2.31e-26	50.8	509	67901076
g6396.t1	Ling_SUPER_X	55.000	20	9	0	393	412	32480585	32480644	2.31e-26	27.7	509	67901076
g6396.t1	Ling_SUPER_X	29.137	278	170	11	3	258	58630025	58630843	7.63e-24	109	509	67901076
g6396.t1	Ling_SUPER_X	22.619	420	299	9	33	435	64478840	64477608	4.77e-22	103	509	67901076
g6396.t1	Ling_SUPER_X	31.884	138	86	3	1	138	32477110	32477499	2.77e-11	55.5	509	67901076
g6396.t1	Ling_SUPER_X	53.333	30	14	0	155	184	32477543	32477632	2.77e-11	34.7	509	67901076
g6396.t1	Ling_SUPER_X	49.153	59	30	0	23	81	32477175	32477351	5.80e-07	55.8	509	67901076
g7958.t1	Ling_SUPER_GRC2	82.297	209	37	0	20	228	1233340	1233966	2.43e-115	367	266	34896639
g7958.t1	Ling_SUPER_GRC2	45.638	149	68	3	1	143	7394425	7394000	8.95e-58	130	266	34896639
g7958.t1	Ling_SUPER_GRC2	59.551	89	36	0	140	228	7394012	7393746	8.95e-58	115	266	34896639
g7958.t1	Ling_SUPER_GRC2	68.421	38	12	0	229	266	1234005	1234118	5.03e-08	56.6	266	34896639
g7958.t1	Ling_SUPER_X	69.811	265	61	3	6	265	30416424	30417176	6.09e-115	365	266	67901076
g7958.t1	Ling_SUPER_X	61.739	230	87	1	1	230	43225411	43224725	5.12e-92	300	266	67901076
g7958.t1	Ling_SUPER_X	59.024	205	84	0	26	230	43104756	43104142	1.85e-78	261	266	67901076
g7958.t1	Ling_SUPER_X	49.561	228	114	1	1	228	11762764	11762084	6.63e-68	230	266	67901076
g7958.t1	Ling_SUPER_X	46.256	227	120	2	1	226	29840559	29841236	2.13e-61	212	266	67901076
g7958.t1	Ling_SUPER_X	40.221	271	147	2	9	266	29760542	29761348	2.59e-59	206	266	67901076
g7958.t1	Ling_SUPER_X	46.930	228	119	2	1	227	31068375	31067695	2.47e-56	197	266	67901076
g7958.t1	Ling_SUPER_X	47.137	227	118	2	1	226	42539951	42539274	1.11e-55	195	266	67901076
g7958.t1	Ling_SUPER_X	60.403	149	52	3	94	238	31647003	31646566	2.01e-49	177	266	67901076
g7958.t1	Ling_SUPER_X	48.936	94	48	0	84	177	32482270	32482551	1.28e-36	99.8	266	67901076
g7958.t1	Ling_SUPER_X	53.191	47	21	1	169	214	32482532	32482672	1.28e-36	50.1	266	67901076
g7958.t1	Ling_SUPER_X	38.333	60	36	1	21	79	32482092	32482271	1.28e-36	45.1	266	67901076
g7958.t1	Ling_SUPER_X	71.429	35	10	0	1	35	30416419	30416523	4.94e-09	59.7	266	67901076
g7958.t1	Ling_SUPER_2	60.793	227	87	1	9	235	188339	189013	6.29e-90	293	266	56451848
g7958.t1	Ling_SUPER_2	50.758	132	65	0	9	140	2663561	2663956	4.53e-66	153	266	56451848
g7958.t1	Ling_SUPER_2	68.056	72	23	0	139	210	2663950	2664165	4.53e-66	108	266	56451848
g7958.t1	Ling_SUPER_2	68.421	19	6	0	211	229	2664162	2664218	4.53e-66	32.3	266	56451848
g7958.t1	Ling_SUPER_2	71.739	46	13	0	185	230	195916	195779	1.94e-12	68.9	266	56451848
g7958.t1	Ling_SUPER_2	35.484	31	20	0	235	265	195728	195636	1.94e-12	23.9	266	56451848
g7958.t1	Ling_SUPER_GRC1	56.388	227	99	0	2	228	11864216	11864896	2.46e-89	292	266	36229871
g7958.t1	Ling_SUPER_GRC1	86.598	97	13	0	33	129	1716064	1716354	4.17e-49	176	266	36229871
g7958.t1	Ling_SUPER_GRC1	46.262	214	113	2	1	213	14244974	14245612	9.52e-48	172	266	36229871
g7958.t1	Ling_SUPER_GRC1	66.176	68	23	0	104	171	9302775	9302572	8.71e-23	100	266	36229871
g7958.t1	Ling_SUPER_GRC1	59.184	49	20	0	98	146	10529775	10529629	1.76e-10	64.3	266	36229871
g7958.t1	Ling_SUPER_3	49.561	228	114	1	1	228	14831489	14832169	6.63e-68	230	266	52603560
g7958.t1	Ling_SUPER_3	47.826	230	118	2	1	228	9490193	9489504	6.35e-63	216	266	52603560
g7958.t1	Ling_SUPER_3	43.802	121	68	0	67	187	7983930	7983568	7.21e-35	121	266	52603560
g7958.t1	Ling_SUPER_3	50.000	40	20	0	188	227	7983575	7983456	7.21e-35	46.6	266	52603560
g7958.t1	Ling_SUPER_3	41.935	62	35	1	2	63	7986384	7986202	6.03e-08	56.6	266	52603560
g7958.t1	Ling_SUPER_1	46.696	227	119	2	1	226	14145347	14146024	1.07e-54	192	266	76508704
g7958.t1	Ling_SUPER_1	49.206	126	59	1	85	210	69259103	69259465	2.86e-34	134	266	76508704
g13362.t1	Ling_SUPER_GRC2	44.255	235	125	3	18	249	25254664	25255359	8.21e-62	216	334	34896639
g13362.t1	Ling_SUPER_GRC1	40.678	236	129	4	41	273	10316370	10315687	1.82e-45	169	334	36229871
g13363.t1	Ling_SUPER_X	64.045	356	127	1	129	483	54734236	54735303	9.96e-162	454	483	67901076
g13363.t1	Ling_SUPER_X	66.372	113	38	0	23	135	54733860	54734198	9.96e-162	138	483	67901076
g13363.t1	Ling_SUPER_X	37.666	377	207	4	133	483	40298978	40300102	1.59e-89	246	483	67901076
g13363.t1	Ling_SUPER_X	48.000	100	50	1	16	115	40298572	40298865	1.59e-89	105	483	67901076
g13363.t1	Ling_SUPER_X	31.044	364	217	8	132	474	31732392	31733444	1.78e-42	164	483	67901076
g13363.t1	Ling_SUPER_X	37.457	291	170	5	10	295	46269854	46270705	7.91e-41	160	483	67901076
g13363.t1	Ling_SUPER_X	41.579	190	100	3	297	481	46270888	46271439	4.61e-40	157	483	67901076
g13363.t1	Ling_SUPER_X	40.991	222	124	2	135	349	43140112	43140777	2.84e-32	134	483	67901076
g13363.t1	Ling_SUPER_X	44.118	136	75	1	347	481	43141298	43141705	4.32e-31	130	483	67901076
g13363.t1	Ling_SUPER_X	45.806	155	79	3	332	483	43142993	43143451	5.15e-27	118	483	67901076
g13363.t1	Ling_SUPER_X	48.182	110	57	0	26	135	43138472	43138801	8.19e-24	108	483	67901076
g13363.t1	Ling_SUPER_X	31.481	216	140	4	113	325	30720540	30719908	4.27e-23	78.2	483	67901076
g13363.t1	Ling_SUPER_X	35.821	67	42	1	30	96	30720784	30720587	4.27e-23	52.0	483	67901076
g13363.t1	Ling_SUPER_X	39.552	134	78	1	216	349	43142488	43142880	5.91e-22	103	483	67901076
g13363.t1	Ling_SUPER_X	31.140	228	153	3	76	303	32343264	32343935	5.47e-19	94.0	483	67901076
g13363.t1	Ling_SUPER_X	29.921	254	168	6	74	325	41586938	41587675	1.38e-18	92.8	483	67901076
g13363.t1	Ling_SUPER_X	45.833	96	50	1	390	483	36284393	36284106	6.77e-17	87.4	483	67901076
g13363.t1	Ling_SUPER_X	34.884	129	82	2	16	144	31731986	31732366	9.29e-13	74.3	483	67901076
g13363.t1	Ling_SUPER_X	34.266	143	79	5	347	481	43127726	43127319	3.68e-10	65.9	483	67901076
g13363.t1	Ling_SUPER_X	22.321	224	160	6	251	461	33065381	33064713	6.88e-07	55.5	483	67901076
g13363.t1	Ling_SUPER_X	40.625	64	36	1	408	471	30133729	30133914	7.63e-06	52.0	483	67901076
g13363.t1	Ling_SUPER_3	64.045	356	127	1	129	483	28891470	28892537	9.97e-162	454	483	52603560
g13363.t1	Ling_SUPER_3	64.045	356	127	1	129	483	37376677	37377744	9.97e-162	454	483	52603560
g13363.t1	Ling_SUPER_3	66.372	113	38	0	23	135	28891094	28891432	9.97e-162	138	483	52603560
g13363.t1	Ling_SUPER_3	66.372	113	38	0	23	135	37376301	37376639	9.97e-162	138	483	52603560
g13363.t1	Ling_SUPER_3	64.045	356	127	1	129	483	6198133	6197066	1.46e-161	454	483	52603560
g13363.t1	Ling_SUPER_3	66.372	113	38	0	23	135	6198509	6198171	1.46e-161	138	483	52603560
g13363.t1	Ling_SUPER_3	30.579	484	296	12	16	474	49938139	49936733	1.49e-55	203	483	52603560
g13363.t1	Ling_SUPER_3	51.190	168	81	1	24	190	8873898	8873395	9.02e-40	157	483	52603560
g13363.t1	Ling_SUPER_3	32.895	152	99	2	239	389	8872861	8872412	1.65e-36	94.0	483	52603560
g13363.t1	Ling_SUPER_3	36.735	98	61	1	385	481	8872425	8872132	1.65e-36	81.3	483	52603560
g13363.t1	Ling_SUPER_3	33.333	165	106	3	216	379	6253450	6252965	1.58e-27	94.4	483	52603560
g13363.t1	Ling_SUPER_3	40.625	96	52	2	84	179	6253817	6253545	1.58e-27	50.8	483	52603560
g13363.t1	Ling_SUPER_3	27.513	378	242	12	4	368	7772875	7771799	1.03e-20	99.4	483	52603560
g13363.t1	Ling_SUPER_3	27.346	373	253	10	4	371	45770938	45772017	4.25e-17	87.8	483	52603560
g13363.t1	Ling_SUPER_3	35.227	88	52	2	16	101	16786720	16786466	2.56e-09	63.2	483	52603560
g13363.t1	Ling_SUPER_3	33.721	86	55	1	390	473	45772316	45772573	7.75e-07	55.1	483	52603560
g13363.t1	Ling_SUPER_3	30.120	83	51	1	16	91	6254020	6253772	7.96e-07	55.1	483	52603560
g13363.t1	Ling_SUPER_3	29.412	102	61	2	392	482	7771355	7771050	2.04e-06	53.9	483	52603560
g13363.t1	Ling_SUPER_3	26.147	218	135	9	279	475	8017536	8018174	2.32e-06	53.5	483	52603560
g13363.t1	Ling_SUPER_GRC2	64.045	356	127	1	129	483	27339251	27338184	9.98e-162	454	483	34896639
g13363.t1	Ling_SUPER_GRC2	64.045	356	127	1	129	483	11101985	11103052	9.98e-162	454	483	34896639
g13363.t1	Ling_SUPER_GRC2	64.045	356	127	1	129	483	30963804	30964871	9.98e-162	454	483	34896639
g13363.t1	Ling_SUPER_GRC2	66.372	113	38	0	23	135	27339627	27339289	9.98e-162	138	483	34896639
g13363.t1	Ling_SUPER_GRC2	66.372	113	38	0	23	135	11101609	11101947	9.98e-162	138	483	34896639
g13363.t1	Ling_SUPER_GRC2	66.372	113	38	0	23	135	30963428	30963766	9.98e-162	138	483	34896639
g13363.t1	Ling_SUPER_GRC2	64.045	356	127	1	129	483	24720790	24719723	6.29e-160	454	483	34896639
g13363.t1	Ling_SUPER_GRC2	65.487	113	39	0	23	135	24721166	24720828	6.29e-160	132	483	34896639
g13363.t1	Ling_SUPER_GRC2	37.401	377	208	4	133	483	14093268	14094392	1.67e-88	243	483	34896639
g13363.t1	Ling_SUPER_GRC2	48.000	100	50	1	16	115	14092862	14093155	1.67e-88	105	483	34896639
g13363.t1	Ling_SUPER_GRC2	34.286	245	157	3	239	481	25259219	25259947	8.04e-43	166	483	34896639
g13363.t1	Ling_SUPER_GRC2	48.352	182	93	1	10	190	25258125	25258670	1.92e-39	155	483	34896639
g13363.t1	Ling_SUPER_GRC2	45.588	136	73	1	347	481	4274542	4274135	1.05e-31	132	483	34896639
g13363.t1	Ling_SUPER_GRC2	40.090	222	126	2	135	349	4275844	4275179	3.46e-30	128	483	34896639
g13363.t1	Ling_SUPER_GRC2	47.664	107	56	0	26	132	4277427	4277107	2.04e-23	107	483	34896639
g13363.t1	Ling_SUPER_GRC2	28.042	378	240	12	4	368	6884182	6885258	1.04e-21	102	483	34896639
g13363.t1	Ling_SUPER_GRC2	27.513	378	242	12	4	368	32826684	32825608	1.03e-20	99.4	483	34896639
g13363.t1	Ling_SUPER_GRC2	27.513	378	242	12	4	368	32000581	31999505	1.03e-20	99.4	483	34896639
g13363.t1	Ling_SUPER_GRC2	27.513	378	242	12	4	368	17411556	17412632	1.03e-20	99.4	483	34896639
g13363.t1	Ling_SUPER_GRC2	29.412	102	61	2	392	482	32825164	32824859	2.04e-06	53.9	483	34896639
g13363.t1	Ling_SUPER_GRC2	29.412	102	61	2	392	482	31999061	31998756	2.04e-06	53.9	483	34896639
g13363.t1	Ling_SUPER_GRC2	29.412	102	61	2	392	482	17413074	17413379	2.04e-06	53.9	483	34896639
g13363.t1	SCAFFOLD_149	63.123	301	111	0	183	483	16333	15431	1.91e-154	385	483	34741
g13363.t1	SCAFFOLD_149	66.372	113	38	0	23	135	16842	16504	1.91e-154	138	483	34741
g13363.t1	SCAFFOLD_149	69.231	52	14	1	129	178	16466	16311	1.91e-154	67.4	483	34741
g13363.t1	Ling_SUPER_GRC1	54.255	376	170	2	109	483	14946728	14947852	9.98e-125	404	483	36229871
g13363.t1	Ling_SUPER_GRC1	37.666	377	207	4	133	483	394175	395299	1.97e-90	246	483	36229871
g13363.t1	Ling_SUPER_GRC1	47.826	115	60	0	23	137	393784	394128	1.97e-90	109	483	36229871
g13363.t1	Ling_SUPER_GRC1	37.281	228	131	2	130	350	22051921	22051253	2.87e-60	142	483	36229871
g13363.t1	Ling_SUPER_GRC1	46.957	115	61	0	23	137	22052297	22051953	2.87e-60	112	483	36229871
g13363.t1	Ling_SUPER_GRC1	51.724	261	105	4	24	266	13361269	13362042	1.16e-58	212	483	36229871
g13363.t1	Ling_SUPER_GRC1	36.475	244	148	2	243	481	8660149	8660874	1.60e-45	174	483	36229871
g13363.t1	Ling_SUPER_GRC1	36.475	244	148	2	243	481	10305934	10305209	1.60e-45	174	483	36229871
g13363.t1	Ling_SUPER_GRC1	42.489	233	126	3	16	241	8659272	8659967	7.16e-45	172	483	36229871
g13363.t1	Ling_SUPER_GRC1	42.060	233	127	3	16	241	10306811	10306116	3.52e-44	170	483	36229871
g13363.t1	Ling_SUPER_GRC1	40.529	227	130	2	129	350	19909949	19910629	1.08e-35	144	483	36229871
g13363.t1	Ling_SUPER_GRC1	72.222	54	15	0	24	77	14946414	14946575	8.75e-35	96.3	483	36229871
g13363.t1	Ling_SUPER_GRC1	77.966	59	13	0	77	135	14946574	14946750	8.75e-35	73.2	483	36229871
g13363.t1	Ling_SUPER_GRC1	40.991	222	124	2	135	349	6239297	6238632	2.84e-32	134	483	36229871
g13363.t1	Ling_SUPER_GRC1	37.368	190	102	3	300	473	19318130	19318696	3.20e-32	134	483	36229871
g13363.t1	Ling_SUPER_GRC1	44.118	136	74	1	348	483	22050976	22050575	1.09e-31	132	483	36229871
g13363.t1	Ling_SUPER_GRC1	44.118	136	75	1	347	481	6238111	6237704	4.32e-31	130	483	36229871
g13363.t1	Ling_SUPER_GRC1	43.066	137	75	2	348	483	19910973	19911377	1.50e-29	126	483	36229871
g13363.t1	Ling_SUPER_GRC1	45.806	155	79	3	332	483	6236417	6235959	5.15e-27	118	483	36229871
g13363.t1	Ling_SUPER_GRC1	48.182	110	57	0	26	135	6240937	6240608	8.19e-24	108	483	36229871
g13363.t1	Ling_SUPER_GRC1	39.552	134	78	1	216	349	6236922	6236530	5.91e-22	103	483	36229871
g13363.t1	Ling_SUPER_GRC1	27.513	378	242	12	4	368	35351146	35350070	5.11e-21	100	483	36229871
g13363.t1	Ling_SUPER_GRC1	42.017	119	69	0	23	141	19909590	19909946	6.62e-21	99.8	483	36229871
g13363.t1	Ling_SUPER_GRC1	27.513	378	242	12	4	368	26008199	26007123	1.03e-20	99.4	483	36229871
g13363.t1	Ling_SUPER_GRC1	27.513	378	242	12	4	368	4103657	4102581	1.03e-20	99.4	483	36229871
g13363.t1	Ling_SUPER_GRC1	37.879	132	81	1	29	160	19317172	19317564	6.83e-18	90.5	483	36229871
g13363.t1	Ling_SUPER_GRC1	63.830	47	17	0	437	483	13362047	13362187	9.49e-11	67.8	483	36229871
g13363.t1	Ling_SUPER_GRC1	34.266	143	79	5	347	481	6251002	6251409	3.68e-10	65.9	483	36229871
g13363.t1	Ling_SUPER_GRC1	39.286	84	42	2	401	481	9174418	9174185	8.30e-07	55.1	483	36229871
g13363.t1	Ling_SUPER_GRC1	39.286	84	42	2	401	481	9146198	9145965	8.30e-07	55.1	483	36229871
g13363.t1	Ling_SUPER_GRC1	29.412	102	61	2	392	482	35349658	35349353	2.04e-06	53.9	483	36229871
g13363.t1	Ling_SUPER_GRC1	29.412	102	61	2	392	482	26006679	26006374	2.04e-06	53.9	483	36229871
g13363.t1	Ling_SUPER_GRC1	29.412	102	61	2	392	482	4102137	4101832	2.04e-06	53.9	483	36229871
g13363.t1	Ling_SUPER_GRC1	45.283	53	28	1	2	54	10754674	10754519	6.01e-06	52.4	483	36229871
g13363.t1	Ling_SUPER_2	38.552	511	261	4	23	481	19234017	19235546	1.05e-104	346	483	56451848
g13363.t1	Ling_SUPER_2	38.552	511	261	4	23	481	19112367	19110838	1.05e-104	346	483	56451848
g13363.t1	Ling_SUPER_2	27.397	365	241	11	14	367	5840940	5839885	1.05e-21	102	483	56451848
g13363.t1	Ling_SUPER_2	27.346	373	253	10	4	371	29330838	29329759	4.25e-17	87.8	483	56451848
g13363.t1	Ling_SUPER_2	33.721	86	55	1	390	473	29329460	29329203	7.75e-07	55.1	483	56451848
g13363.t1	Ling_SUPER_2	27.200	250	169	7	76	317	7731882	7731148	2.93e-06	53.5	483	56451848
g13363.t1	Ling_SUPER_2	49.057	53	24	1	433	482	30267112	30266954	3.44e-06	53.1	483	56451848
g13363.t1	Ling_SUPER_1	37.666	377	207	4	133	483	26864662	26863538	1.59e-89	246	483	76508704
g13363.t1	Ling_SUPER_1	48.000	100	50	1	16	115	26865068	26864775	1.59e-89	105	483	76508704
g13363.t1	Ling_SUPER_1	43.043	230	125	3	4	231	49323807	49324484	5.94e-43	154	483	76508704
g13363.t1	Ling_SUPER_1	36.232	69	38	2	229	295	49324478	49324672	5.94e-43	42.4	483	76508704
g13363.t1	Ling_SUPER_1	43.011	186	101	2	294	478	49325254	49325799	1.18e-40	159	483	76508704
g13363.t1	Ling_SUPER_1	27.513	378	242	12	4	368	17569303	17568227	1.03e-20	99.4	483	76508704
g13363.t1	Ling_SUPER_1	54.348	46	21	0	436	481	49403681	49403818	2.77e-07	56.6	483	76508704
g13363.t1	Ling_SUPER_1	54.348	46	21	0	436	481	49342960	49343097	3.43e-07	56.2	483	76508704
g13363.t1	Ling_SUPER_1	29.412	102	61	2	392	482	17567783	17567478	2.04e-06	53.9	483	76508704
g13363.t1	SCAFFOLD_69	27.513	378	242	12	4	368	64746	65822	9.46e-21	99.4	483	111408
g13363.t1	SCAFFOLD_69	29.412	102	61	2	392	482	66266	66571	2.03e-06	53.9	483	111408
g13363.t2	Ling_SUPER_X	64.045	356	127	1	101	455	54734236	54735303	1.72e-158	454	455	67901076
g13363.t2	Ling_SUPER_X	66.038	106	36	0	2	107	54733881	54734198	1.72e-158	127	455	67901076
g13363.t2	Ling_SUPER_X	37.666	377	207	4	105	455	40298978	40300102	5.03e-88	246	455	67901076
g13363.t2	Ling_SUPER_X	51.163	86	42	0	2	87	40298608	40298865	5.03e-88	101	455	67901076
g13363.t2	Ling_SUPER_X	31.044	364	217	8	104	446	31732392	31733444	1.11e-42	164	455	67901076
g13363.t2	Ling_SUPER_X	41.579	190	100	3	269	453	46270888	46271439	2.43e-40	157	455	67901076
g13363.t2	Ling_SUPER_X	38.519	270	155	4	2	267	46269917	46270705	2.93e-39	154	455	67901076
g13363.t2	Ling_SUPER_X	40.991	222	124	2	107	321	43140112	43140777	2.04e-32	134	455	67901076
g13363.t2	Ling_SUPER_X	44.118	136	75	1	319	453	43141298	43141705	3.16e-31	130	455	67901076
g13363.t2	Ling_SUPER_X	45.806	155	79	3	304	455	43142993	43143451	3.60e-27	118	455	67901076
g13363.t2	Ling_SUPER_X	49.057	106	54	0	2	107	43138484	43138801	1.13e-23	107	455	67901076
g13363.t2	Ling_SUPER_X	31.481	216	140	4	85	297	30720540	30719908	4.22e-23	77.8	455	67901076
g13363.t2	Ling_SUPER_X	35.821	67	42	1	2	68	30720784	30720587	4.22e-23	52.4	455	67901076
g13363.t2	Ling_SUPER_X	39.552	134	78	1	188	321	43142488	43142880	4.50e-22	103	455	67901076
g13363.t2	Ling_SUPER_X	31.140	228	153	3	48	275	32343264	32343935	4.32e-19	94.0	455	67901076
g13363.t2	Ling_SUPER_X	29.921	254	168	6	46	297	41586938	41587675	1.02e-18	92.8	455	67901076
g13363.t2	Ling_SUPER_X	45.833	96	50	1	362	455	36284393	36284106	6.12e-17	87.0	455	67901076
g13363.t2	Ling_SUPER_X	36.522	115	71	2	2	116	31732028	31732366	3.32e-12	72.4	455	67901076
g13363.t2	Ling_SUPER_X	34.266	143	79	5	319	453	43127726	43127319	2.85e-10	66.2	455	67901076
g13363.t2	Ling_SUPER_X	22.222	225	161	6	223	434	33065381	33064710	5.39e-07	55.5	455	67901076
g13363.t2	Ling_SUPER_X	40.625	64	36	1	380	443	30133729	30133914	7.16e-06	52.0	455	67901076
g13363.t2	Ling_SUPER_3	64.045	356	127	1	101	455	28891470	28892537	1.72e-158	454	455	52603560
g13363.t2	Ling_SUPER_3	64.045	356	127	1	101	455	37376677	37377744	1.72e-158	454	455	52603560
g13363.t2	Ling_SUPER_3	66.038	106	36	0	2	107	28891115	28891432	1.72e-158	127	455	52603560
g13363.t2	Ling_SUPER_3	66.038	106	36	0	2	107	37376322	37376639	1.72e-158	127	455	52603560
g13363.t2	Ling_SUPER_3	64.045	356	127	1	101	455	6198133	6197066	2.88e-158	454	455	52603560
g13363.t2	Ling_SUPER_3	66.038	106	36	0	2	107	6198488	6198171	2.88e-158	127	455	52603560
g13363.t2	Ling_SUPER_3	30.851	470	285	12	2	446	49938097	49936733	4.62e-55	201	455	52603560
g13363.t2	Ling_SUPER_3	50.617	162	79	1	2	162	8873880	8873395	6.15e-37	147	455	52603560
g13363.t2	Ling_SUPER_3	32.895	152	99	2	211	361	8872861	8872412	1.39e-36	94.4	455	52603560
g13363.t2	Ling_SUPER_3	36.735	98	61	1	357	453	8872425	8872132	1.39e-36	81.3	455	52603560
g13363.t2	Ling_SUPER_3	34.118	170	106	4	183	351	6253459	6252965	1.31e-27	94.4	455	52603560
g13363.t2	Ling_SUPER_3	40.625	96	52	2	56	151	6253817	6253545	1.31e-27	50.8	455	52603560
g13363.t2	Ling_SUPER_3	28.012	332	214	10	19	340	7772749	7771799	1.21e-18	92.4	455	52603560
g13363.t2	Ling_SUPER_3	27.003	337	230	8	11	343	45771043	45772017	5.76e-15	80.9	455	52603560
g13363.t2	Ling_SUPER_3	39.189	74	40	2	2	73	16786678	16786466	1.66e-08	60.5	455	52603560
g13363.t2	Ling_SUPER_3	33.721	86	55	1	362	445	45772316	45772573	6.24e-07	55.5	455	52603560
g13363.t2	Ling_SUPER_3	29.412	102	61	2	364	454	7771355	7771050	1.99e-06	53.9	455	52603560
g13363.t2	Ling_SUPER_3	26.147	218	135	9	251	447	8017536	8018174	2.08e-06	53.5	455	52603560
g13363.t2	Ling_SUPER_GRC2	64.045	356	127	1	101	455	27339251	27338184	1.72e-158	454	455	34896639
g13363.t2	Ling_SUPER_GRC2	64.045	356	127	1	101	455	11101985	11103052	1.72e-158	454	455	34896639
g13363.t2	Ling_SUPER_GRC2	64.045	356	127	1	101	455	30963804	30964871	1.72e-158	454	455	34896639
g13363.t2	Ling_SUPER_GRC2	66.038	106	36	0	2	107	27339606	27339289	1.72e-158	127	455	34896639
g13363.t2	Ling_SUPER_GRC2	66.038	106	36	0	2	107	11101630	11101947	1.72e-158	127	455	34896639
g13363.t2	Ling_SUPER_GRC2	66.038	106	36	0	2	107	30963449	30963766	1.72e-158	127	455	34896639
g13363.t2	Ling_SUPER_GRC2	64.045	356	127	1	101	455	24720790	24719723	1.02e-156	454	455	34896639
g13363.t2	Ling_SUPER_GRC2	65.094	106	37	0	2	107	24721145	24720828	1.02e-156	121	455	34896639
g13363.t2	Ling_SUPER_GRC2	37.401	377	208	4	105	455	14093268	14094392	4.75e-87	243	455	34896639
g13363.t2	Ling_SUPER_GRC2	51.163	86	42	0	2	87	14092898	14093155	4.75e-87	101	455	34896639
g13363.t2	Ling_SUPER_GRC2	34.286	245	157	3	211	453	25259219	25259947	4.27e-43	166	455	34896639
g13363.t2	Ling_SUPER_GRC2	50.000	162	80	1	2	162	25258185	25258670	9.79e-36	144	455	34896639
g13363.t2	Ling_SUPER_GRC2	45.588	136	73	1	319	453	4274542	4274135	7.20e-32	132	455	34896639
g13363.t2	Ling_SUPER_GRC2	40.090	222	126	2	107	321	4275844	4275179	2.28e-30	128	455	34896639
g13363.t2	Ling_SUPER_GRC2	48.544	103	53	0	2	104	4277415	4277107	2.27e-23	107	455	34896639
g13363.t2	Ling_SUPER_GRC2	28.614	332	212	10	19	340	6884308	6885258	8.54e-20	95.9	455	34896639
g13363.t2	Ling_SUPER_GRC2	28.012	332	214	10	19	340	32826558	32825608	1.21e-18	92.4	455	34896639
g13363.t2	Ling_SUPER_GRC2	28.012	332	214	10	19	340	32000455	31999505	1.21e-18	92.4	455	34896639
g13363.t2	Ling_SUPER_GRC2	28.012	332	214	10	19	340	17411682	17412632	1.21e-18	92.4	455	34896639
g13363.t2	Ling_SUPER_GRC2	29.412	102	61	2	364	454	32825164	32824859	1.99e-06	53.9	455	34896639
g13363.t2	Ling_SUPER_GRC2	29.412	102	61	2	364	454	31999061	31998756	1.99e-06	53.9	455	34896639
g13363.t2	Ling_SUPER_GRC2	29.412	102	61	2	364	454	17413074	17413379	1.99e-06	53.9	455	34896639
g13363.t2	SCAFFOLD_149	63.123	301	111	0	155	455	16333	15431	4.05e-151	385	455	34741
g13363.t2	SCAFFOLD_149	66.038	106	36	0	2	107	16821	16504	4.05e-151	127	455	34741
g13363.t2	SCAFFOLD_149	69.231	52	14	1	101	150	16466	16311	4.05e-151	67.4	455	34741
g13363.t2	Ling_SUPER_GRC1	54.255	376	170	2	81	455	14946728	14947852	4.76e-125	403	455	36229871
g13363.t2	Ling_SUPER_GRC1	37.666	377	207	4	105	455	394175	395299	4.54e-89	246	455	36229871
g13363.t2	Ling_SUPER_GRC1	50.000	108	54	0	2	109	393805	394128	4.54e-89	104	455	36229871
g13363.t2	Ling_SUPER_GRC1	37.281	228	131	2	102	322	22051921	22051253	1.54e-58	142	455	36229871
g13363.t2	Ling_SUPER_GRC1	48.148	108	56	0	2	109	22052276	22051953	1.54e-58	106	455	36229871
g13363.t2	Ling_SUPER_GRC1	50.781	256	105	4	1	238	13361284	13362042	2.49e-55	201	455	36229871
g13363.t2	Ling_SUPER_GRC1	36.475	244	148	2	215	453	8660149	8660874	7.81e-46	174	455	36229871
g13363.t2	Ling_SUPER_GRC1	36.475	244	148	2	215	453	10305934	10305209	7.81e-46	174	455	36229871
g13363.t2	Ling_SUPER_GRC1	43.379	219	116	3	2	213	8659314	8659967	4.04e-43	166	455	36229871
g13363.t2	Ling_SUPER_GRC1	42.922	219	117	3	2	213	10306769	10306116	2.77e-42	163	455	36229871
g13363.t2	Ling_SUPER_GRC1	40.529	227	130	2	101	322	19909949	19910629	6.68e-36	144	455	36229871
g13363.t2	Ling_SUPER_GRC1	40.991	222	124	2	107	321	6239297	6238632	2.04e-32	134	455	36229871
g13363.t2	Ling_SUPER_GRC1	37.368	190	102	3	272	445	19318130	19318696	2.83e-32	134	455	36229871
g13363.t2	Ling_SUPER_GRC1	44.118	136	74	1	320	455	22050976	22050575	7.89e-32	132	455	36229871
g13363.t2	Ling_SUPER_GRC1	69.388	49	15	0	1	49	14946429	14946575	1.61e-31	85.5	455	36229871
g13363.t2	Ling_SUPER_GRC1	77.966	59	13	0	49	107	14946574	14946750	1.61e-31	73.2	455	36229871
g13363.t2	Ling_SUPER_GRC1	44.118	136	75	1	319	453	6238111	6237704	3.16e-31	130	455	36229871
g13363.t2	Ling_SUPER_GRC1	43.066	137	75	2	320	455	19910973	19911377	1.05e-29	126	455	36229871
g13363.t2	Ling_SUPER_GRC1	45.806	155	79	3	304	455	6236417	6235959	3.60e-27	118	455	36229871
g13363.t2	Ling_SUPER_GRC1	49.057	106	54	0	2	107	6240925	6240608	1.13e-23	107	455	36229871
g13363.t2	Ling_SUPER_GRC1	39.552	134	78	1	188	321	6236922	6236530	4.50e-22	103	455	36229871
g13363.t2	Ling_SUPER_GRC1	43.750	112	63	0	2	113	19909611	19909946	1.54e-19	95.1	455	36229871
g13363.t2	Ling_SUPER_GRC1	28.012	332	214	10	19	340	35351020	35350070	6.75e-19	93.2	455	36229871
g13363.t2	Ling_SUPER_GRC1	28.012	332	214	10	19	340	26008073	26007123	1.21e-18	92.4	455	36229871
g13363.t2	Ling_SUPER_GRC1	28.012	332	214	10	19	340	4103531	4102581	1.21e-18	92.4	455	36229871
g13363.t2	Ling_SUPER_GRC1	37.879	132	81	1	1	132	19317172	19317564	5.65e-18	90.5	455	36229871
g13363.t2	Ling_SUPER_GRC1	63.830	47	17	0	409	455	13362047	13362187	9.54e-11	67.8	455	36229871
g13363.t2	Ling_SUPER_GRC1	34.266	143	79	5	319	453	6251002	6251409	2.85e-10	66.2	455	36229871
g13363.t2	Ling_SUPER_GRC1	39.286	84	42	2	373	453	9174418	9174185	7.41e-07	55.1	455	36229871
g13363.t2	Ling_SUPER_GRC1	39.286	84	42	2	373	453	9146198	9145965	7.41e-07	55.1	455	36229871
g13363.t2	Ling_SUPER_GRC1	29.412	102	61	2	364	454	35349658	35349353	1.99e-06	53.9	455	36229871
g13363.t2	Ling_SUPER_GRC1	29.412	102	61	2	364	454	26006679	26006374	1.99e-06	53.9	455	36229871
g13363.t2	Ling_SUPER_GRC1	29.412	102	61	2	364	454	4102137	4101832	1.99e-06	53.9	455	36229871
g13363.t2	Ling_SUPER_2	38.812	505	256	4	1	453	19234035	19235546	3.19e-104	343	455	56451848
g13363.t2	Ling_SUPER_2	38.812	505	256	4	1	453	19112349	19110838	3.19e-104	343	455	56451848
g13363.t2	Ling_SUPER_2	27.457	346	230	10	2	339	5840883	5839885	4.53e-21	100	455	56451848
g13363.t2	Ling_SUPER_2	27.003	337	230	8	11	343	29330733	29329759	5.76e-15	80.9	455	56451848
g13363.t2	Ling_SUPER_2	33.721	86	55	1	362	445	29329460	29329203	6.24e-07	55.5	455	56451848
g13363.t2	Ling_SUPER_2	49.057	53	24	1	405	454	30267112	30266954	3.19e-06	53.1	455	56451848
g13363.t2	Ling_SUPER_2	27.200	250	169	7	48	289	7731882	7731148	3.22e-06	53.1	455	56451848
g13363.t2	Ling_SUPER_1	37.666	377	207	4	105	455	26864662	26863538	5.02e-88	246	455	76508704
g13363.t2	Ling_SUPER_1	51.163	86	42	0	2	87	26865032	26864775	5.02e-88	101	455	76508704
g13363.t2	Ling_SUPER_1	43.011	186	101	2	266	450	49325254	49325799	6.49e-41	159	455	76508704
g13363.t2	Ling_SUPER_1	44.608	204	107	3	2	203	49323885	49324484	2.73e-39	142	455	76508704
g13363.t2	Ling_SUPER_1	36.232	69	38	2	201	267	49324478	49324672	2.73e-39	42.4	455	76508704
g13363.t2	Ling_SUPER_1	28.012	332	214	10	19	340	17569177	17568227	1.21e-18	92.4	455	76508704
g13363.t2	Ling_SUPER_1	54.348	46	21	0	408	453	49403681	49403818	2.40e-07	56.6	455	76508704
g13363.t2	Ling_SUPER_1	54.348	46	21	0	408	453	49342960	49343097	3.03e-07	56.2	455	76508704
g13363.t2	Ling_SUPER_1	29.412	102	61	2	364	454	17567783	17567478	1.99e-06	53.9	455	76508704
g13363.t2	Ling_SUPER_1	21.973	223	160	6	225	434	10047992	10048657	8.28e-06	51.6	455	76508704
g13363.t2	SCAFFOLD_69	28.012	332	214	10	19	340	64872	65822	1.11e-18	92.4	455	111408
g13363.t2	SCAFFOLD_69	29.412	102	61	2	364	454	66266	66571	1.98e-06	53.9	455	111408
g13694.t1	Ling_SUPER_GRC2	47.273	55	29	0	284	338	33077595	33077431	1.30e-06	53.9	391	34896639
g13694.t1	Ling_SUPER_GRC2	47.273	55	29	0	284	338	32938380	32938216	1.30e-06	53.9	391	34896639
g17107.t1	Ling_SUPER_2	78.947	475	91	4	6	476	22122639	22121230	0.0	738	538	56451848
g17107.t1	Ling_SUPER_2	49.345	458	210	7	2	444	16807326	16805974	2.32e-122	399	538	56451848
g17107.t1	Ling_SUPER_2	50.133	375	168	8	1	360	36354655	36355767	3.96e-89	303	538	56451848
g17107.t1	Ling_SUPER_2	49.201	313	142	7	11	314	20636147	20637061	1.28e-73	258	538	56451848
g17107.t1	Ling_SUPER_2	47.188	320	142	7	36	337	5977776	5978708	2.36e-71	251	538	56451848
g17107.t1	Ling_SUPER_2	82.517	143	25	0	390	532	22121248	22120820	2.39e-62	225	538	56451848
g17107.t1	Ling_SUPER_2	37.440	414	240	6	1	396	19113495	19114733	1.07e-60	220	538	56451848
g17107.t1	Ling_SUPER_2	42.049	283	149	5	128	396	19232325	19231480	1.36e-58	214	538	56451848
g17107.t1	Ling_SUPER_2	60.825	97	30	3	202	292	615196	615480	8.84e-21	100	538	56451848
g17107.t1	Ling_SUPER_2	53.247	77	35	1	220	296	56194386	56194613	7.24e-15	81.3	538	56451848
g17107.t1	Ling_SUPER_2	38.849	139	43	4	1	139	2221210	2221500	5.21e-10	65.9	538	56451848
g17107.t1	Ling_SUPER_2	25.946	185	116	3	124	288	18578586	18579137	2.28e-07	57.4	538	56451848
g17107.t1	Ling_SUPER_2	25.946	185	116	3	124	288	517634	517083	2.52e-07	57.0	538	56451848
g17107.t1	Ling_SUPER_2	25.514	243	144	7	288	503	557920	558618	7.09e-07	55.5	538	56451848
g17107.t1	Ling_SUPER_2	27.632	152	108	2	124	274	19532290	19531838	1.22e-06	54.7	538	56451848
g17107.t1	Ling_SUPER_2	25.926	162	112	3	120	277	21907794	21908267	2.61e-06	53.9	538	56451848
g17107.t1	Ling_SUPER_1	81.265	411	75	1	122	532	45534321	45533095	0.0	666	538	76508704
g17107.t1	Ling_SUPER_1	81.132	106	20	0	1	106	45534629	45534312	0.0	151	538	76508704
g17107.t1	Ling_SUPER_1	50.133	375	168	8	1	360	9472941	9471829	3.96e-89	303	538	76508704
g17107.t1	Ling_SUPER_1	50.133	375	168	8	1	360	57592804	57593916	5.08e-89	303	538	76508704
g17107.t1	Ling_SUPER_1	33.867	375	231	7	1	364	178747	177641	2.08e-54	201	538	76508704
g17107.t1	Ling_SUPER_1	42.857	210	106	4	144	344	19978825	19979439	7.11e-43	167	538	76508704
g17107.t1	Ling_SUPER_1	41.262	206	77	2	120	281	13803626	13804243	1.41e-33	139	538	76508704
g17107.t1	Ling_SUPER_1	28.873	142	87	2	341	482	4468344	4468727	3.66e-08	59.7	538	76508704
g17107.t1	Ling_SUPER_1	25.514	243	144	7	288	503	15279245	15279943	7.03e-07	55.5	538	76508704
g17107.t1	Ling_SUPER_1	25.514	243	144	7	288	503	16615821	16615123	7.09e-07	55.5	538	76508704
g17107.t1	Ling_SUPER_1	25.514	243	144	7	288	503	2369406	2368708	7.09e-07	55.5	538	76508704
g17107.t1	Ling_SUPER_1	25.514	243	144	7	288	503	39135009	39134311	7.46e-07	55.5	538	76508704
g17107.t1	Ling_SUPER_1	28.221	163	105	6	120	277	26356213	26356680	7.65e-07	55.5	538	76508704
g17107.t1	Ling_SUPER_1	28.221	163	105	6	120	277	23317187	23316720	7.65e-07	55.5	538	76508704
g17107.t1	Ling_SUPER_1	28.221	163	105	6	120	277	23309234	23308767	7.65e-07	55.5	538	76508704
g17107.t1	Ling_SUPER_1	53.571	56	26	0	1	56	313361	313194	2.24e-06	53.9	538	76508704
g17107.t1	Ling_SUPER_3	67.561	410	111	6	121	524	7960849	7959668	9.07e-167	527	538	52603560
g17107.t1	Ling_SUPER_3	53.414	249	103	6	130	367	9359010	9358270	4.15e-70	248	538	52603560
g17107.t1	Ling_SUPER_3	38.243	387	211	8	1	367	1849240	1848104	3.47e-60	218	538	52603560
g17107.t1	Ling_SUPER_3	48.980	196	96	2	123	314	13954400	13953813	1.21e-52	196	538	52603560
g17107.t1	Ling_SUPER_3	33.053	357	224	6	1	346	8545361	8546419	3.53e-48	183	538	52603560
g17107.t1	Ling_SUPER_3	40.171	234	131	4	120	346	8644193	8643498	8.50e-47	179	538	52603560
g17107.t1	Ling_SUPER_3	45.181	166	72	4	191	344	5606836	5606360	5.74e-32	134	538	52603560
g17107.t1	Ling_SUPER_3	91.176	34	2	1	150	183	6548414	6548512	1.11e-29	59.7	538	52603560
g17107.t1	Ling_SUPER_3	57.143	42	17	1	99	139	6548289	6548414	1.11e-29	47.8	538	52603560
g17107.t1	Ling_SUPER_3	80.000	25	5	0	76	100	6548221	6548295	1.11e-29	45.4	538	52603560
g17107.t1	Ling_SUPER_3	47.619	42	22	0	188	229	6548512	6548637	1.11e-29	39.7	538	52603560
g17107.t1	Ling_SUPER_3	23.100	329	211	8	211	528	14010880	14009987	2.89e-11	69.7	538	52603560
g17107.t1	Ling_SUPER_3	26.537	309	178	12	234	532	3939055	3939864	3.52e-11	69.7	538	52603560
g17107.t1	Ling_SUPER_3	26.537	309	178	12	234	532	3993906	3994715	3.52e-11	69.7	538	52603560
g17107.t1	Ling_SUPER_3	24.597	248	168	4	291	532	4119134	4119838	4.15e-11	69.3	538	52603560
g17107.t1	Ling_SUPER_3	23.651	241	170	8	124	360	4587230	4587922	4.91e-09	62.8	538	52603560
g17107.t1	Ling_SUPER_3	23.567	314	204	12	220	519	9386602	9387477	2.37e-08	60.5	538	52603560
g17107.t1	Ling_SUPER_3	25.301	249	170	9	121	359	13363838	13364566	1.78e-07	57.4	538	52603560
g17107.t1	Ling_SUPER_3	28.221	163	105	6	120	277	668811	669278	2.30e-07	57.4	538	52603560
g17107.t1	Ling_SUPER_3	27.778	162	105	4	121	277	11153170	11152706	6.45e-07	55.8	538	52603560
g17107.t1	Ling_SUPER_3	28.221	163	105	6	120	277	10992077	10991610	7.92e-07	55.5	538	52603560
g17107.t1	Ling_SUPER_3	28.221	163	105	6	120	277	51298140	51298607	7.92e-07	55.5	538	52603560
g17107.t1	Ling_SUPER_3	25.466	161	108	4	120	277	43439230	43439685	3.62e-06	53.1	538	52603560
g17107.t1	Ling_SUPER_X	72.783	327	86	2	1	326	45368017	45368991	3.62e-134	433	538	67901076
g17107.t1	Ling_SUPER_X	46.286	350	166	7	198	532	39952507	39953535	5.30e-127	286	538	67901076
g17107.t1	Ling_SUPER_X	53.333	195	91	0	2	196	39951915	39952499	5.30e-127	191	538	67901076
g17107.t1	Ling_SUPER_X	50.000	224	93	3	11	227	37667403	37666768	5.95e-76	200	538	67901076
g17107.t1	Ling_SUPER_X	62.963	81	29	1	234	313	37666757	37666515	5.95e-76	107	538	67901076
g17107.t1	Ling_SUPER_X	53.476	187	73	6	184	366	50209595	50210125	2.02e-67	172	538	67901076
g17107.t1	Ling_SUPER_X	53.571	112	44	4	76	181	50209267	50209596	2.02e-67	106	538	67901076
g17107.t1	Ling_SUPER_X	43.599	289	148	5	122	396	40539804	40538941	3.61e-65	233	538	67901076
g17107.t1	Ling_SUPER_X	39.241	316	177	8	8	314	41847127	41848056	3.55e-53	198	538	67901076
g17107.t1	Ling_SUPER_X	38.361	305	183	3	1	300	33249472	33250386	1.49e-52	196	538	67901076
g17107.t1	Ling_SUPER_X	40.598	234	130	4	120	346	55602597	55601902	5.38e-47	179	538	67901076
g17107.t1	Ling_SUPER_X	54.819	166	48	3	158	322	50074067	50073648	1.12e-40	160	538	67901076
g17107.t1	Ling_SUPER_X	45.902	183	86	6	188	360	112183	112722	3.00e-35	144	538	67901076
g17107.t1	Ling_SUPER_X	47.024	168	76	6	211	367	31599741	31599244	2.13e-30	130	538	67901076
g17107.t1	Ling_SUPER_X	39.286	168	94	3	153	315	48873336	48873830	2.73e-29	126	538	67901076
g17107.t1	Ling_SUPER_X	77.027	74	17	0	464	537	45369217	45369438	3.22e-20	98.6	538	67901076
g17107.t1	Ling_SUPER_X	74.242	66	17	0	470	535	35581288	35581091	4.74e-15	82.0	538	67901076
g17107.t1	Ling_SUPER_X	82.927	41	7	0	122	162	49714363	49714485	8.29e-13	74.7	538	67901076
g17107.t1	Ling_SUPER_X	64.912	57	17	2	109	164	50951677	50951513	9.51e-13	74.7	538	67901076
g17107.t1	Ling_SUPER_X	28.144	167	109	3	317	475	43670302	43669811	8.75e-11	68.2	538	67901076
g17107.t1	Ling_SUPER_X	60.345	58	20	2	1	56	50951961	50951791	3.15e-09	56.6	538	67901076
g17107.t1	Ling_SUPER_X	36.111	36	21	1	76	109	50951738	50951631	3.15e-09	26.6	538	67901076
g17107.t1	Ling_SUPER_X	25.614	285	186	10	81	357	37793271	37794071	4.00e-09	62.8	538	67901076
g17107.t1	Ling_SUPER_X	25.614	285	186	10	81	357	37787743	37788543	4.47e-09	62.8	538	67901076
g17107.t1	Ling_SUPER_X	25.614	285	186	10	81	357	37782215	37783015	5.77e-09	62.4	538	67901076
g17107.t1	Ling_SUPER_X	23.885	314	203	12	220	519	57313441	57314316	1.60e-08	60.8	538	67901076
g17107.t1	Ling_SUPER_X	26.543	162	111	3	120	277	34350342	34349869	3.17e-08	60.1	538	67901076
g17107.t1	Ling_SUPER_X	25.926	162	112	3	120	277	40692813	40692340	8.10e-08	58.5	538	67901076
g17107.t1	Ling_SUPER_X	25.301	249	170	9	121	359	47494314	47493586	1.92e-07	57.4	538	67901076
g17107.t1	Ling_SUPER_X	52.273	44	21	0	120	163	48871956	48872087	1.78e-06	54.3	538	67901076
g17107.t1	Ling_SUPER_GRC1	38.817	389	192	11	5	367	31592877	31591771	1.36e-63	228	538	36229871
g17107.t1	Ling_SUPER_GRC1	39.241	316	177	8	8	314	34666799	34667728	2.26e-53	198	538	36229871
g17107.t1	Ling_SUPER_GRC1	49.074	108	55	0	43	150	12785560	12785237	5.81e-17	88.2	538	36229871
g17107.t1	Ling_SUPER_GRC1	27.530	247	157	8	124	360	19384255	19383551	1.68e-14	80.1	538	36229871
g17107.t1	Ling_SUPER_GRC1	25.410	244	161	9	124	360	22111588	22110899	1.53e-10	67.4	538	36229871
g17107.t1	Ling_SUPER_GRC1	29.048	210	123	7	341	532	20069731	20070336	3.19e-10	66.6	538	36229871
g17107.t1	Ling_SUPER_GRC1	22.984	248	170	7	124	357	30828575	30827853	4.47e-09	62.8	538	36229871
g17107.t1	Ling_SUPER_GRC1	27.778	162	109	3	120	277	5533077	5532604	9.24e-09	61.6	538	36229871
g17107.t1	Ling_SUPER_GRC1	24.400	250	157	6	121	357	26258024	26257332	5.02e-08	59.3	538	36229871
g17107.t1	Ling_SUPER_GRC1	27.215	158	111	3	121	277	11604362	11603898	3.40e-07	56.6	538	36229871
g17107.t1	Ling_SUPER_GRC1	27.778	162	105	4	121	277	28448065	28447601	6.34e-07	55.8	538	36229871
g17107.t1	Ling_SUPER_GRC1	27.778	162	105	4	121	277	7230824	7231288	6.40e-07	55.8	538	36229871
g17107.t1	Ling_SUPER_GRC1	27.778	162	105	4	121	277	11629134	11628670	6.40e-07	55.8	538	36229871
g17107.t1	Ling_SUPER_GRC1	27.778	162	105	4	121	277	1781843	1781379	6.51e-07	55.8	538	36229871
g17107.t1	Ling_SUPER_GRC1	28.221	163	105	6	120	277	25301248	25301715	7.92e-07	55.5	538	36229871
g17107.t1	Ling_SUPER_GRC1	28.221	163	105	6	120	277	28427432	28427899	8.20e-07	55.5	538	36229871
g17107.t1	Ling_SUPER_GRC1	28.395	162	104	4	121	277	13687715	13687251	8.27e-07	55.5	538	36229871
g17107.t1	Ling_SUPER_GRC1	23.602	161	115	3	120	277	25640945	25640478	2.04e-06	54.3	538	36229871
g17107.t1	Ling_SUPER_GRC1	27.160	162	106	4	121	277	7796464	7796928	8.27e-06	52.0	538	36229871
g17107.t1	Ling_SUPER_GRC2	37.993	279	161	4	5	275	2175589	2174765	4.43e-43	168	538	34896639
g17107.t1	Ling_SUPER_GRC2	25.301	249	170	9	121	359	22929765	22929037	1.78e-07	57.4	538	34896639
g17107.t1	Ling_SUPER_GRC2	28.221	163	105	6	120	277	9010228	9009761	7.92e-07	55.5	538	34896639
g17107.t1	Ling_SUPER_GRC2	28.221	163	105	6	120	277	18257926	18258393	8.93e-07	55.5	538	34896639
g17107.t1	SCAFFOLD_127	24.615	260	159	11	220	465	30966	31676	5.56e-07	55.8	538	48994
g18444.t1	Ling_SUPER_X	93.827	81	5	0	73	153	59868860	59868618	1.30e-45	162	181	67901076
g18444.t1	Ling_SUPER_X	93.056	72	5	0	1	72	59875763	59875548	3.89e-23	98.6	181	67901076
g19161.t1	Ling_SUPER_GRC2	38.068	176	101	4	19	189	21369580	21369062	2.86e-25	105	194	34896639
g19161.t1	Ling_SUPER_1	39.286	112	63	2	53	160	31579217	31579549	2.05e-17	75.1	194	76508704
g19161.t1	Ling_SUPER_1	35.294	34	22	0	156	189	31579599	31579700	2.05e-17	33.5	194	76508704
