g491.t1	piggyBac-2_Hmel#piggyBac	41.176	187	105	2	82	268	1594	2139	3.16e-42	155
g491.t1	piggyBac-1_DAn#piggyBac	31.884	207	119	5	83	267	1760	2380	4.80e-28	114
g491.t1	piggyBac-2_DBp#piggyBac	31.401	207	120	4	83	267	1770	2390	6.83e-28	114
g491.t1	piggyBac-1_AAe#piggyBac	33.493	209	117	7	79	267	2416	3036	6.96e-27	111
g491.t1	piggyBac-5_SM#piggyBac	33.846	195	110	4	85	260	1614	2198	1.18e-25	107
g491.t1	piggyBac-2_SM#piggyBac	32.812	192	118	5	80	268	1622	2173	7.13e-25	105
g491.t1	PIGGYB_SM#piggyBac	30.698	215	120	4	82	268	3888	4529	7.50e-22	97.1
g491.t1	piggyBac-1_SM#piggyBac	32.692	208	123	6	76	267	1622	2242	3.03e-21	95.1
g491.t1	PiggyBac-1_HM#piggyBac	29.108	213	126	5	80	267	1999	2637	8.73e-21	93.6
g491.t1	piggyBac-4_HMM#piggyBac	29.897	194	117	3	85	259	1172	1753	1.28e-20	93.2
g491.t1	PiggyBac-2_HM#piggyBac	28.251	223	121	8	80	267	1788	2444	3.04e-19	89.0
g491.t1	DNA-like-3_Hmel#piggyBac	29.108	213	120	5	88	272	573	1202	1.08e-17	84.3
g491.t1	piggyBac-1_LCh#piggyBac	32.484	157	99	2	113	269	2067	2516	8.67e-17	82.0
g491.t1	piggyBac-6_LSal#piggyBac	30.481	187	105	5	102	271	1073	1609	1.53e-16	80.9
g491.t1	Pokey_Cis#DNA	28.000	275	150	13	8	264	1454	2188	4.15e-16	79.7
g491.t1	piggyBac-2_LVa#piggyBac	28.440	218	124	6	82	267	2289	2942	3.27e-14	74.3
g491.t1	piggyBac-2_CCri#piggyBac	29.787	235	115	11	85	269	1506	2210	2.43e-13	71.6
g491.t1	piggyBac-1_DEu#piggyBac	29.208	202	116	9	80	256	890	1489	8.41e-13	69.7
g491.t1	piggyBac-3_CGi#piggyBac	27.404	208	122	6	79	272	1438	2016	1.18e-12	69.7
g491.t1	PiggyBac-5_HM#piggyBac	34.409	93	61	0	83	175	1603	1881	1.32e-12	69.3
g491.t1	piggyBac-2_DF#piggyBac	37.255	102	55	5	101	195	1697	1996	1.95e-12	60.5
g491.t1	piggyBac-2_DF#piggyBac	27.273	66	42	2	201	260	2037	2234	1.95e-12	31.2
g491.t1	piggyBac-14_SM#piggyBac	29.358	218	111	9	82	273	1414	2016	2.07e-12	68.9
g491.t1	piggyBac-4_SM#piggyBac	27.723	202	123	7	80	268	2238	2813	1.31e-11	66.6
g491.t1	piggyBac-4_LVa#piggyBac	25.229	218	146	5	61	269	2593	3222	2.10e-11	65.9
g491.t1	piggyBac-6_LVa#piggyBac	34.694	98	64	0	78	175	2002	2295	3.12e-11	65.5
g491.t1	piggyBac-2_DEu#piggyBac	24.797	246	121	8	85	268	1845	2576	5.29e-11	64.7
g491.t1	piggyBac-2_CGi#piggyBac	28.977	176	99	5	121	272	2300	2821	6.18e-11	64.7
g491.t1	piggyBac-4B_LMi#piggyBac	28.061	196	125	7	84	268	1498	2070	7.49e-11	64.3
g491.t1	piggyBac-5_CCri#piggyBac	25.941	239	122	12	85	268	1644	2360	9.91e-11	63.9
g491.t1	piggyBac-3_DBp#piggyBac	25.103	243	121	7	85	268	1375	2097	1.30e-10	63.5
g491.t1	piggyBac-1_NV#piggyBac	25.728	206	134	6	79	270	1351	1953	2.00e-10	62.8
g491.t1	piggyBac-3_LVa#piggyBac	29.557	203	129	5	83	272	2355	2960	3.91e-10	62.0
g491.t1	piggyBac-2_NV#piggyBac	30.370	135	78	4	84	202	2067	2471	7.04e-10	61.2
g491.t1	piggyBac-1_Mcir#piggyBac	26.180	233	122	10	85	271	1287	1973	9.57e-10	60.8
g491.t1	piggyBac-22_SM#piggyBac	25.385	130	90	5	145	267	1761	2150	1.20e-09	42.0
g491.t1	piggyBac-22_SM#piggyBac	37.097	62	38	1	79	140	1564	1746	1.20e-09	40.4
g491.t1	piggyBac-1_CVi#piggyBac	30.588	170	94	7	121	268	2295	2798	1.28e-09	60.5
g491.t1	piggyBac-1_EL#piggyBac	32.990	97	64	1	80	175	2357	2647	2.24e-09	59.7
g491.t1	piggyBac-2_FoCa#piggyBac	25.962	208	129	6	79	272	1735	2325	3.08e-09	59.3
g491.t1	piggyBac-3_LMi#piggyBac	25.758	132	90	3	79	207	1400	1780	3.22e-09	59.3
g491.t1	piggyBac1_Mm#piggyBac	25.623	281	169	11	29	275	1523	2347	3.26e-09	59.3
g491.t1	piggyBac-11_SM#piggyBac	24.870	193	128	7	80	268	1234	1773	5.17e-09	58.5
g491.t1	piggyBac-1_LMi#piggyBac	28.902	173	105	7	114	272	1673	2179	5.75e-09	58.5
g491.t1	piggyBac2b_Mm#piggyBac	24.883	213	130	8	85	272	189	812	7.97e-09	57.4
g491.t1	piggyBac-4_FoCa#piggyBac	25.121	207	127	8	85	272	1647	2240	1.85e-08	57.0
g491.t1	piggyBac_2a_Mm#piggyBac	24.645	211	133	6	85	272	233	856	2.61e-08	55.8
g491.t1	piggyBac-N10_LMi#piggyBac	27.500	160	105	5	119	267	429	908	4.12e-08	55.5
g491.t1	Teratorn_1#piggyBac	27.389	157	101	3	121	264	25957	26427	5.34e-08	55.8
g491.t1	piggyBac-1_LVa#piggyBac	24.878	205	123	6	85	268	2669	3253	7.25e-08	55.1
g491.t1	piggyBac-3_RPr#piggyBac	29.323	133	74	6	153	272	2334	2711	9.38e-08	54.7
g491.t1	piggyBac2_Mm#piggyBac	24.885	217	129	9	85	274	1402	2031	1.05e-07	54.7
g491.t1	piggyBac-N2_LMi#piggyBac	38.028	71	41	1	108	175	578	790	1.99e-07	53.5
g491.t1	piggyBac-6_CGi#piggyBac	32.292	96	61	1	80	175	3493	3768	2.10e-07	53.9
g491.t1	piggyBac-9_SM#piggyBac	24.336	226	129	9	65	262	2033	2668	2.58e-07	53.5
g491.t1	piggyBac-N5_NV#piggyBac	29.341	167	93	8	121	267	647	1132	3.30e-07	52.8
g491.t1	Teratorn_subtype2_1#piggyBac	26.087	161	106	3	121	268	44827	45309	4.43e-07	53.1
g491.t1	piggyBac-2_Lch#piggyBac	24.091	220	131	8	79	273	1148	1774	6.27e-07	52.4
g491.t1	piggyBac-N9_LMi#piggyBac	28.866	97	66	1	79	175	104	385	9.76e-07	51.2
g491.t1	piggyBac-2_XT#piggyBac	26.087	207	119	10	80	268	3077	3649	1.02e-06	52.0
g491.t1	piggyBac-11_LMi#piggyBac	24.528	159	105	4	121	265	1605	2078	1.07e-06	51.6
g491.t1	piggyBac-3_NV#piggyBac	28.000	125	77	3	80	191	1558	1932	1.26e-06	51.2
g491.t1	PiggyBac-3_PI#piggyBac	33.019	106	62	3	76	177	3098	3400	1.58e-06	51.2
g491.t1	piggyBac-4_CGi#piggyBac	24.242	165	109	6	114	268	1378	1854	1.60e-06	50.8
g491.t1	PiggyBac-4_HM#piggyBac	26.368	201	117	9	82	270	2124	2669	1.60e-06	51.2
g491.t1	piggyBac1_CI#piggyBac	25.472	212	133	6	82	272	1358	1981	2.12e-06	50.4
g491.t1	piggyBac-30_LMi#piggyBac	22.222	162	108	4	121	265	1605	2087	3.27e-06	50.1
g491.t1	piggyBac-4_PR#piggyBac	31.250	112	68	3	85	192	3355	3675	6.18e-06	49.3
g491.t1	piggyBac-5_LSal#piggyBac	30.120	83	57	1	82	163	1287	1535	6.26e-06	49.3
g491.t1	piggyBac-1_FoCa#piggyBac	28.161	174	104	6	121	273	1709	2230	8.24e-06	48.9
g491.t1	piggyBac-8_SM#piggyBac	26.857	175	107	5	97	265	1695	2174	8.68e-06	48.9
g596.t1	Transib4_DP#Transib	44.581	406	219	4	102	505	10	1215	5.02e-107	330
g596.t1	Transib-1_FoCa#Transib	43.350	406	221	4	102	505	1798	2994	2.00e-104	343
g596.t1	Transib-1_DAn#Transib	42.893	401	223	4	103	502	1338	2525	7.55e-104	337
g596.t1	Transib-2_DAn#Transib	41.743	436	244	6	72	505	1261	2544	8.39e-101	328
g596.t1	TRANSIB2_AG#Transib	40.204	393	231	4	104	495	1107	2276	9.58e-99	320
g596.t1	Transib-1_DMo#Transib	41.220	410	231	5	98	503	1345	2556	1.84e-97	320
g596.t1	Transib-13_HM#Transib	41.481	405	232	3	102	504	1398	2603	3.71e-97	319
g596.t1	Transib-4_DBp#Transib	42.250	400	225	4	102	499	1362	2549	8.90e-95	313
g596.t1	Transib-2_DSer#Transib	42.289	402	226	4	100	499	1358	2551	3.08e-94	312
g596.t1	Transib1_DP#Transib	41.439	403	227	6	103	502	1303	2493	1.43e-92	306
g596.t1	Transib-6_DBp#Transib	41.250	400	229	4	102	499	1338	2525	1.80e-91	304
g596.t1	Transib-2_FoCa#Transib	41.809	409	225	7	103	505	2920	4125	2.94e-91	309
g596.t1	Transib-1_DF#Transib	44.444	297	162	2	211	505	1647	2534	1.39e-88	258
g596.t1	Transib-1_DF#Transib	41.121	107	59	2	103	209	1333	1641	1.39e-88	90.5
g596.t1	Transib-2_DW#Transib	39.851	404	235	5	104	504	1328	2524	6.80e-87	290
g596.t1	Transib-6_DBi#Transib	38.916	406	240	5	98	502	1277	2473	3.50e-86	288
g596.t1	Transib1#Transib	37.415	441	265	6	63	502	1203	2495	1.44e-85	288
g596.t1	Transib-1_CQ#Transib	36.580	462	275	7	44	499	1390	2739	3.47e-84	286
g596.t1	Transib2_DP#Transib	39.552	402	236	5	105	503	1337	2530	8.78e-83	280
g596.t1	Transib-3_DBi#Transib	38.624	378	224	6	117	491	1150	2268	2.31e-81	273
g596.t1	TRANSIB1_AG#Transib	35.750	400	248	6	99	495	2358	3539	2.63e-81	280
g596.t1	Transib-2_SIn#Transib	42.450	351	195	4	99	445	1518	2561	4.23e-81	276
g596.t1	Transib-1_DAzt#Transib	38.701	385	222	6	106	489	1342	2457	1.07e-80	274
g596.t1	Transib-14_HM#Transib	40.247	405	230	6	99	499	1576	2766	4.28e-80	275
g596.t1	Transib-5_DBi#Transib	38.723	235	135	4	98	329	1306	1992	4.49e-80	174
g596.t1	Transib-5_DBi#Transib	46.541	159	82	1	344	502	2033	2500	4.49e-80	145
g596.t1	Transib-4_CoFl#Transib	38.155	401	232	7	109	504	1688	2857	5.97e-80	275
g596.t1	Transib-21_HMa#Transib	37.923	443	262	7	61	499	1588	2889	1.64e-79	272
g596.t1	Transib-3_DAn#Transib	40.342	409	234	5	97	504	1280	2479	1.71e-79	271
g596.t1	Transib-3_DBp#Transib	37.313	402	239	5	91	484	1275	2465	1.86e-78	267
g596.t1	Transib-15_HM#Transib	36.658	401	244	5	106	504	1926	3104	3.11e-77	267
g596.t1	Transib-7_DAn#Transib	38.750	400	234	5	106	502	1494	2669	2.34e-76	263
g596.t1	Transib-2_HM#Transib	37.750	400	231	8	101	499	1655	2803	1.24e-75	261
g596.t1	Transib-2_DBi#Transib	39.535	387	224	5	100	483	5002	6141	2.09e-74	260
g596.t1	Transib-2_DBi#Transib	34.644	407	207	9	100	503	1309	2361	3.80e-53	197
g596.t1	Transib-8_HM#Transib	38.614	404	242	5	100	501	1416	2615	1.89e-73	254
g596.t1	Transib-12_HM#Transib	37.157	401	233	6	102	499	2298	3452	2.10e-73	257
g596.t1	Transib-1_SIn#Transib	39.257	377	217	5	104	476	1860	2966	3.01e-73	256
g596.t1	TRANSIB2#Transib	37.376	404	233	7	100	500	1329	2489	4.44e-73	253
g596.t1	Transib-3_DMel#Transib	39.927	273	158	4	100	370	1345	2151	5.57e-73	191
g596.t1	Transib-3_DMel#Transib	42.276	123	71	0	377	499	2147	2515	5.57e-73	105
g596.t1	Transib-1_LHu#Transib	36.649	382	234	5	109	487	2766	3896	1.40e-72	254
g596.t1	Transib5#Transib	39.402	368	216	4	109	476	1413	2495	2.04e-71	249
g596.t1	Transib-7_HM#Transib	38.424	406	241	6	102	503	1480	2682	2.49e-71	249
g596.t1	Transib-18_HM#Transib	34.852	439	257	5	95	505	1437	2750	9.34e-71	247
g596.t1	Transib-5_DAn#Transib	37.215	395	237	6	109	500	1421	2581	2.46e-69	243
g596.t1	Transib-17_HM#Transib	36.816	402	243	6	109	504	1899	3089	3.13e-69	244
g596.t1	Transib-4_DAn#Transib	35.279	377	231	7	102	478	1330	2421	1.95e-68	240
g596.t1	Transib-6_HM#Transib	36.658	401	248	4	106	504	1784	2974	2.05e-68	242
g596.t1	Transib1_SP#Transib	36.508	378	217	7	135	500	2162	3262	5.61e-68	241
g596.t1	Transib-4_HM#Transib	36.881	404	243	6	99	500	2123	3304	3.90e-67	238
g596.t1	Transib-3_HM#Transib	36.281	441	261	10	65	500	1516	2793	7.70e-67	237
g596.t1	Transib-11_HM#Transib	35.961	406	247	7	100	499	1824	3020	2.21e-65	233
g596.t1	Transib-16_HM#Transib	33.333	459	271	11	61	500	1766	3094	3.22e-65	233
g596.t1	Transib-2_DMo#Transib	37.057	367	225	4	109	475	1419	2501	3.30e-65	231
g596.t1	Transib-5_HM#Transib	33.556	450	280	10	61	500	1300	2622	6.70e-65	231
g596.t1	Transib-1_DBp#Transib	37.772	368	222	4	109	476	713	1795	1.76e-64	225
g596.t1	Transib-20_HM#Transib	35.181	415	245	7	102	499	2009	3232	2.15e-63	228
g596.t1	Transib-1_DRh#Transib	41.424	309	167	4	196	502	1713	2603	8.44e-63	224
g596.t1	Transib-2_DEl#Transib	41.799	189	108	1	318	504	1962	2528	4.77e-62	141
g596.t1	Transib-2_DEl#Transib	43.810	105	57	2	212	315	1645	1956	4.77e-62	86.3
g596.t1	Transib-2_DEl#Transib	38.095	63	36	1	135	197	1424	1603	4.77e-62	53.5
g596.t1	Transib1_Dmoj#Transib	34.430	395	247	6	109	503	1354	2502	2.86e-61	220
g596.t1	Transib1_Dwil#Transib	34.177	395	248	6	109	503	1323	2471	4.39e-59	214
g596.t1	Transib-1_LVa#Transib	31.840	424	272	10	84	504	1411	2640	6.45e-58	211
g596.t1	Transib-8_DAn#Transib	37.799	209	127	1	292	500	1963	2580	5.42e-57	122
g596.t1	Transib-8_DAn#Transib	31.651	218	140	5	71	288	1328	1954	5.42e-57	120
g596.t1	Transib-1_DEu#Transib	44.074	270	144	3	236	502	1136	1933	1.37e-56	205
g596.t1	Transib-6_AAe#Transib	36.462	277	160	6	98	371	1976	2767	3.51e-53	165
g596.t1	Transib-6_AAe#Transib	37.500	64	40	0	380	443	2860	3051	3.51e-53	54.7
g596.t1	Transib-6_AAe#Transib	50.000	30	15	0	446	475	3122	3211	3.51e-53	31.2
g596.t1	Transib-7_AAe#Transib	35.814	215	125	7	109	317	1838	2461	4.23e-50	131
g596.t1	Transib-7_AAe#Transib	29.480	173	114	2	322	494	2529	3023	4.23e-50	88.6
g596.t1	TRANSIB3_AG#Transib	30.523	344	236	3	151	492	931	1959	4.91e-50	185
g596.t1	Transib-6_DAn#Transib	31.698	265	168	9	65	327	1315	2076	3.68e-49	123
g596.t1	Transib-6_DAn#Transib	33.113	151	98	1	350	500	2139	2582	3.68e-49	93.2
g596.t1	Transib-19_HM#Transib	39.744	234	139	1	251	482	2287	2988	3.11e-48	155
g596.t1	Transib-19_HM#Transib	29.655	145	90	7	109	250	1887	2294	3.11e-48	58.2
g596.t1	Transib1_AA#Transib	32.143	392	251	7	117	500	1777	2931	5.23e-48	180
g596.t1	Transib1_AA#Transib	28.125	64	39	2	58	121	1562	1732	5.23e-48	32.7
g596.t1	Transib4_AA#Transib	39.759	249	143	4	102	350	74	799	1.71e-46	167
g596.t1	Transib3_DP#Transib	29.104	402	258	10	109	502	1233	2381	5.33e-45	172
g596.t1	Transib-3_DMo#Transib	44.762	105	58	0	369	473	1131	1445	3.63e-41	110
g596.t1	Transib-3_DMo#Transib	40.351	114	65	2	260	372	802	1137	3.63e-41	73.9
g596.t1	Transib-3_DMo#Transib	39.394	33	20	0	473	505	1444	1542	3.63e-41	25.8
g596.t1	Transib-1_DBi#Transib	38.839	224	123	6	109	329	1251	1889	6.89e-39	154
g596.t1	Transib-1_DBi#Transib	40.789	76	45	0	401	476	1930	2157	6.82e-07	54.3
g596.t1	Transib-5_DBp#Transib	37.850	214	125	5	108	320	846	1466	1.01e-36	147
g596.t1	Transib-5_DBp#Transib	36.019	211	131	1	296	502	1381	2013	3.71e-29	124
g596.t1	Transib-1_LMi#Transib	40.816	147	82	2	104	248	1844	2275	2.81e-36	120
g596.t1	Transib-1_LMi#Transib	48.148	54	28	0	265	318	2319	2480	2.81e-36	53.5
g596.t1	Transib1_NVi#Transib	36.190	210	130	2	106	315	1799	2416	5.34e-36	146
g596.t1	Transib1_NVi#Transib	32.673	202	132	2	298	499	2368	2961	6.26e-25	112
g596.t1	TRANSIB3#Transib	33.562	292	183	4	214	504	1663	2508	3.04e-33	137
g596.t1	TRANSIB3#Transib	32.258	124	78	3	104	226	1344	1700	4.74e-11	67.8
g596.t1	Transib-1_DSer#Transib	41.436	181	104	1	311	489	729	1271	3.04e-32	132
g596.t1	Transib2_AA#Transib	34.254	181	118	1	294	474	252	791	1.79e-31	105
g596.t1	Transib2_AA#Transib	40.323	62	33	2	230	290	2	178	1.79e-31	52.8
g596.t1	Transib-4_DF#Transib	42.857	147	84	0	356	502	700	1140	2.54e-31	129
g596.t1	Transib-4_DMo#Transib	43.511	131	74	0	370	500	883	1275	1.08e-29	125
g596.t1	Transib-10_HM#Transib	30.280	393	237	12	100	471	1841	2971	1.26e-27	120
g596.t1	HOPPER2_MM#Transib	40.171	117	70	0	304	420	696	346	1.45e-26	84.7
g596.t1	HOPPER2_MM#Transib	41.429	70	41	0	430	499	326	117	1.45e-26	56.2
g596.t1	Transib-6_DRh#Transib	33.663	202	131	2	306	505	1057	1659	6.21e-26	114
g596.t1	Transib-6_DRh#Transib	28.431	102	63	3	132	232	771	1049	7.83e-06	50.8
g596.t1	Transib-3_DRh#Transib	45.238	84	46	0	419	502	784	1035	1.44e-24	78.2
g596.t1	Transib-3_DRh#Transib	37.879	66	41	0	344	409	558	755	1.44e-24	56.2
g596.t1	Transib-2_DF#Transib	48.864	88	45	0	396	483	1	264	2.60e-23	99.4
g596.t1	Transib-2_DF#Transib	44.444	27	15	0	479	505	246	326	2.60e-23	31.2
g596.t1	Transib-1_CoFl#Transib	38.983	177	107	1	307	483	4626	5153	2.66e-23	107
g596.t1	Transib-1_CoFl#Transib	32.432	148	96	3	156	301	3458	3895	1.82e-19	95.1
g596.t1	Transib-2_CoFl#Transib	30.542	203	132	5	102	301	2703	3293	3.47e-22	103
g596.t1	Transib-2_CoFl#Transib	37.500	136	84	1	308	443	3743	4147	1.23e-19	79.3
g596.t1	Transib-2_CoFl#Transib	41.304	46	27	0	450	495	4254	4391	1.23e-19	38.5
g596.t1	Transib-2_DBp#Transib	41.284	109	64	0	369	477	306	632	2.44e-21	97.4
g596.t1	Transib-2_DBp#Transib	51.111	90	42	2	213	302	28	291	1.28e-19	92.4
g596.t1	Transib-1_DK#Transib	32.719	217	129	6	109	314	1426	2058	4.17e-20	96.7
g596.t1	Transib-1_DK#Transib	37.143	105	63	2	399	503	2119	2424	3.01e-08	58.9
g596.t1	Transib4#Transib	47.475	99	52	0	405	503	1815	2111	3.03e-19	94.0
g596.t1	Transib5_AA#Transib	32.847	137	87	2	104	240	605	1000	3.68e-19	90.9
g596.t1	Transib-5_DRh#Transib	38.095	126	78	0	374	499	784	1161	7.15e-19	91.7
g596.t1	Transib-2_DRh#Transib	37.692	130	81	0	347	476	904	1293	7.98e-18	88.6
g596.t1	Transib3_AA#Transib	39.655	116	67	1	385	500	39	377	1.58e-17	85.5
g596.t1	Transib-N1_LMi#Transib	37.037	81	51	0	158	238	789	1031	4.50e-17	56.6
g596.t1	Transib-N1_LMi#Transib	47.170	53	26	2	239	290	1031	1186	4.50e-17	52.8
g596.t1	Transib-3_CoFl#Transib	36.310	168	106	1	308	475	4376	4876	1.87e-16	85.5
g596.t1	Transib-3_CoFl#Transib	36.567	134	81	2	158	290	3584	3976	7.32e-14	77.0
g596.t1	Transib-N1_DYa#Transib	31.481	162	94	4	350	503	632	1090	9.01e-15	79.0
g596.t1	Transib-N1_DYa#Transib	41.429	70	36	1	436	500	889	1098	1.52e-07	56.2
g596.t1	Transib-2_DK#Transib	30.247	162	100	2	343	504	1069	1515	4.35e-12	70.9
g596.t1	Transib-4_DBi#Transib	40.000	125	74	1	242	366	1092	1463	1.04e-10	66.2
g596.t1	Transib-4_DBi#Transib	31.765	85	55	3	170	253	887	1135	1.03e-07	48.5
g596.t1	Transib-4_DBi#Transib	28.814	59	37	2	109	167	720	881	1.03e-07	28.5
g596.t1	Transib-N1_AAe#Transib	32.593	135	64	4	392	504	947	1336	5.09e-10	64.3
g596.t1	Transib-5_DK#Transib	46.032	63	34	0	428	490	841	1029	1.19e-09	63.2
g596.t1	Transib-1_PPo#Transib	36.364	99	55	2	104	202	868	1140	5.52e-09	60.8
g596.t1	Transib-3_DK#Transib	53.571	56	23	1	448	503	625	783	2.01e-08	58.5
g596.t1	Transib-1_DEl#Transib	40.217	92	51	1	385	476	850	1113	4.52e-08	57.8
g596.t1	Transib-7_DBi#Transib	43.077	65	37	0	413	477	702	896	1.39e-07	56.2
g596.t1	Transib-1_HM#Transib	30.645	124	79	3	358	475	3062	3430	1.91e-07	56.2
g596.t1	Transib-9_HM#Transib	28.346	127	86	2	370	495	2652	3020	7.03e-07	54.3
g596.t1	Transib-N1_LSal#Transib	36.620	71	45	0	405	475	1078	1290	5.84e-06	51.2
g596.t1	Transib-3_DF#Transib	32.468	77	52	0	344	420	590	820	7.77e-06	50.1
g13363.t1	KolobokE-1_TC#Kolobok	31.486	451	289	13	30	472	2848	4164	2.82e-50	186
g13363.t1	KolobokE-2_TC#Kolobok	27.292	469	288	11	30	473	2406	3728	3.35e-35	142
g13363.t1	KolobokE-3_AP#Kolobok	26.715	277	170	6	52	300	5690	6505	1.60e-13	75.5
g13363.t1	ISL2EU-29_CGi#ISL2EU	26.842	190	132	3	265	451	2889	3446	2.36e-13	74.7
g13363.t1	Harbinger-2_LSal#Harbinger	25.414	181	129	3	253	433	2647	2123	2.77e-11	68.2
g13363.t1	ISL2EU-8_CGi#ISL2EU	25.385	260	174	7	209	451	3788	3018	1.25e-10	66.2
g13363.t1	KolobokE-2_AP#Kolobok	38.938	113	67	2	49	161	5483	5815	1.97e-10	65.5
g13363.t1	ISL2EU-1_AmRa#ISL2EU	28.395	162	101	5	311	461	1019	1492	2.15e-10	65.1
g13363.t1	ISL2EU-1_CGi#ISL2EU	26.699	206	144	4	257	462	3189	2593	2.98e-10	65.1
g13363.t1	KolobokE-5_AP#Kolobok	32.283	127	78	3	41	161	1253	1627	6.20e-10	63.9
g13363.t1	ISL2EU-6_HM#ISL2EU	25.620	242	156	9	239	462	1109	1816	1.59e-09	62.4
g13363.t1	KolobokE-4_AP#Kolobok	32.743	113	74	2	50	162	5820	6152	3.36e-09	61.6
g13363.t1	KolobokE-4_AP#Kolobok	37.931	58	36	0	391	448	7267	7440	1.72e-06	52.8
g13363.t1	ISL2EU-2_CS#ISL2EU	25.893	224	141	6	248	462	2388	1765	5.64e-09	60.8
g13363.t1	KolobokE-1_AP#Kolobok	35.398	113	70	3	49	160	3559	3891	2.51e-08	58.9
g13363.t1	ISL2EU-1_TCas#ISL2EU	31.304	115	77	2	343	456	2681	2340	1.53e-07	56.2
g13363.t1	ISL2EU-10_CGi#ISL2EU	24.186	215	156	3	253	461	3078	2437	1.02e-06	53.5
g13363.t1	ISL2EU-7_HMa#ISL2EU	27.559	127	91	1	334	460	2168	1791	6.21e-06	50.8
g13363.t1	ISL2EU-2_SSa#ISL2EU	22.396	192	127	6	253	436	1879	2412	9.56e-06	50.4
g13363.t2	KolobokE-1_TC#Kolobok	31.486	451	289	13	2	444	2848	4164	1.64e-50	186
g13363.t2	KolobokE-2_TC#Kolobok	27.292	469	288	11	2	445	2406	3728	2.16e-35	141
g13363.t2	KolobokE-3_AP#Kolobok	25.234	321	196	8	24	312	5690	6616	1.03e-13	75.9
g13363.t2	ISL2EU-29_CGi#ISL2EU	26.842	190	132	3	237	423	2889	3446	1.54e-13	75.1
g13363.t2	Harbinger-2_LSal#Harbinger	25.414	181	129	3	225	405	2647	2123	2.37e-11	68.2
g13363.t2	ISL2EU-8_CGi#ISL2EU	25.385	260	174	7	181	423	3788	3018	1.01e-10	66.2
g13363.t2	KolobokE-2_AP#Kolobok	38.938	113	67	2	21	133	5483	5815	1.68e-10	65.5
g13363.t2	ISL2EU-1_AmRa#ISL2EU	28.395	162	101	5	283	433	1019	1492	1.78e-10	65.5
g13363.t2	ISL2EU-1_CGi#ISL2EU	26.699	206	144	4	229	434	3189	2593	2.04e-10	65.1
g13363.t2	KolobokE-5_AP#Kolobok	32.283	127	78	3	13	133	1253	1627	5.76e-10	63.9
g13363.t2	ISL2EU-6_HM#ISL2EU	25.620	242	156	9	211	434	1109	1816	1.11e-09	62.8
g13363.t2	KolobokE-4_AP#Kolobok	31.538	130	85	3	22	151	5820	6197	2.59e-09	62.0
g13363.t2	KolobokE-4_AP#Kolobok	37.931	58	36	0	363	420	7267	7440	1.78e-06	52.8
g13363.t2	ISL2EU-2_CS#ISL2EU	25.893	224	141	6	220	434	2388	1765	4.22e-09	60.8
g13363.t2	KolobokE-1_AP#Kolobok	35.398	113	70	3	21	132	3559	3891	2.04e-08	58.9
g13363.t2	ISL2EU-1_TCas#ISL2EU	31.304	115	77	2	315	428	2681	2340	1.45e-07	56.2
g13363.t2	ISL2EU-10_CGi#ISL2EU	24.186	215	156	3	225	433	3078	2437	8.69e-07	53.5
g13363.t2	ISL2EU-7_HMa#ISL2EU	27.559	127	91	1	306	432	2168	1791	5.14e-06	51.2
g13363.t2	ISL2EU-2_SSa#ISL2EU	22.596	208	138	7	225	424	1879	2457	7.58e-06	50.4
g13363.t2	IS4EU-2_DR#ISL2EU	29.730	111	73	2	309	418	3275	2955	8.84e-06	50.4
g17107.t1	BEL-3_FoCa-I#BEL	37.662	385	206	11	1	360	564	1691	7.32e-62	222
g17107.t1	BEL-3_SI-I#BEL	45.882	255	116	5	124	360	362	1114	5.50e-59	214
g17107.t1	BEL-4_FoCa-I#BEL	40.123	324	164	7	1	307	326	1258	3.62e-57	208
g17107.t1	BEL-1_LMi-I#BEL	38.617	347	168	6	1	314	77	1081	8.55e-57	207
g17107.t1	BEL-3_AEc-I#BEL	40.453	309	174	3	12	312	117	1037	2.09e-55	203
g17107.t1	BEL-9_FoCa-I#BEL	35.000	380	205	11	1	356	364	1449	9.01e-53	195
g17107.t1	BEL-1_MMa-I#BEL	36.074	377	187	10	11	354	90	1157	7.14e-51	190
g17107.t1	BEL-8_FoCa-I#BEL	31.316	380	230	9	1	356	559	1677	3.98e-43	166
g17107.t1	BEL-6-I_XT#BEL	27.660	376	233	11	4	357	49	1125	3.00e-27	119
g17107.t1	BEL-1_CT-I#BEL	28.916	249	165	4	114	359	409	1128	4.77e-24	108
g17107.t1	BEL-10_SSa-I#BEL	30.159	252	150	6	120	354	435	1163	7.99e-23	105
g17107.t1	BEL-4_CT-I#BEL	29.555	247	154	8	121	360	442	1143	1.69e-22	104
g17107.t1	BEL-2_LMi-I#BEL	35.659	129	48	4	161	275	612	935	1.01e-21	75.1
g17107.t1	BEL-2_LMi-I#BEL	55.882	34	15	0	123	156	497	598	1.01e-21	49.7
g17107.t1	Copia-66_AA-I#Copia	27.356	329	194	12	211	533	365	1234	1.15e-21	101
g17107.t1	BEL-9_Adi-I#BEL	27.869	244	156	7	122	358	497	1189	1.40e-21	101
g17107.t1	BEL-17_DPu-I#BEL	23.469	392	262	11	1	366	969	2108	4.18e-20	96.7
g17107.t1	BEL-1_IS-I#BEL	36.842	152	93	2	120	270	520	969	9.13e-20	95.5
g17107.t1	BEL-1_LVa-I#BEL	28.000	375	189	13	121	423	414	1511	1.36e-19	95.1
g17107.t1	BEL-4-I_HM#BEL	27.575	301	194	8	6	303	366	1205	1.79e-19	94.7
g17107.t1	BEL-11_LG-I#BEL	26.667	270	184	8	8	269	190	981	3.54e-18	90.5
g17107.t1	Copia-16_SI-I#Copia	28.512	242	162	5	293	532	539	1237	1.33e-17	88.6
g17107.t1	BEL-1_HM-I#BEL	26.199	271	157	8	124	355	455	1255	3.65e-17	87.4
g17107.t1	BEL-10-I_NV#BEL	25.215	349	204	13	124	423	549	1571	9.86e-17	85.9
g17107.t1	BEL-13_CGi-I#BEL	30.556	180	114	4	123	301	495	1004	1.00e-16	85.9
g17107.t1	Copia-3_SI-I#Copia	29.391	279	162	7	256	531	460	1200	1.28e-16	85.5
g17107.t1	BEL-6-I_NV#BEL	26.538	260	165	7	115	364	404	1135	2.39e-16	84.7
g17107.t1	BEL13-I_DR#BEL	31.915	94	59	1	213	306	660	926	2.42e-16	55.8
g17107.t1	BEL13-I_DR#BEL	33.708	89	56	2	124	211	395	655	2.42e-16	50.4
g17107.t1	Copia-160_AA-I#Copia	25.000	276	177	4	267	522	508	1305	2.69e-16	84.3
g17107.t1	Copia-36_AA-I#Copia	26.786	336	207	10	208	534	361	1278	4.56e-16	84.0
g17107.t1	COPIA3-I_AG#Copia	28.000	250	154	8	290	531	536	1231	5.78e-16	82.4
g17107.t1	Copia1-I_XT#Copia	29.391	279	163	10	232	503	534	1289	9.83e-16	82.8
g17107.t1	Copia-54_AA-I#Copia	26.708	322	201	9	211	531	394	1257	1.72e-15	82.0
g17107.t1	Copia-189_AA-I#Copia	29.297	256	156	6	288	536	560	1273	1.97e-15	81.6
g17107.t1	Copia-136_AA-I#Copia	28.627	255	154	5	280	531	530	1219	2.27e-15	81.6
g17107.t1	BEL-11-I_NV#BEL	29.333	150	103	2	121	269	370	813	2.41e-15	81.6
g17107.t1	Copia-200_AA-I#Copia	23.934	305	191	9	229	531	676	1473	6.14e-15	80.1
g17107.t1	BEL-3-I_HM#BEL	29.252	147	101	2	124	269	822	1256	8.86e-15	79.7
g17107.t1	Copia-5_Cfl-I#Copia	29.947	187	102	3	341	525	747	1226	1.68e-14	79.0
g17107.t1	Copia-40_VV-I#Copia	29.319	191	120	4	341	531	757	1284	2.03e-14	78.6
g17107.t1	Copia-169_AA-I#Copia	25.287	261	170	3	288	535	677	1423	2.29e-14	78.6
g17107.t1	Copia-196_AA-I#Copia	28.571	259	144	6	293	533	580	1287	2.81e-14	78.2
g17107.t1	Copia-119_AA-I#Copia	26.984	252	155	8	293	531	645	1352	4.58e-14	77.4
g17107.t1	BEL-48_AA-I#BEL	27.138	269	167	9	121	375	1012	1773	5.17e-14	77.4
g17107.t1	Copia-24_JC-I#Copia	30.286	175	95	4	340	505	959	1429	5.56e-14	77.0
g17107.t1	Copia-64_AA-I#Copia	24.153	236	165	4	293	528	598	1263	6.19e-14	77.0
g17107.t1	Copia-7_CQ-I#Copia	27.869	244	151	7	293	531	613	1284	1.44e-13	75.5
g17107.t1	BEL-10_DSer-I#BEL	26.210	248	148	7	124	357	788	1468	1.57e-13	75.9
g17107.t1	Copia-186_AA-I#Copia	27.798	277	170	8	257	532	548	1291	1.64e-13	75.5
g17107.t1	Copia-100_AA-I#Copia	26.275	255	160	6	288	531	494	1207	2.05e-13	75.1
g17107.t1	Copia-56_AA-I#Copia	28.409	176	113	3	340	511	757	1257	2.12e-13	75.1
g17107.t1	BEL-761_AA-I#BEL	32.484	157	98	4	121	274	1152	1607	2.26e-13	75.5
g17107.t1	Copia-41_AA-I#Copia	25.941	239	162	4	293	531	570	1241	2.39e-13	75.1
g17107.t1	BEL-12_DPu-I#BEL	26.000	200	140	3	124	323	2372	2947	3.05e-13	75.1
g17107.t1	Copia-73_AA-I#Copia	25.000	276	171	6	257	531	500	1222	3.62e-13	74.7
g17107.t1	BEL-15_DPu-I#BEL	26.446	242	154	7	121	358	1684	2349	3.76e-13	74.7
g17107.t1	BEL-7_HM-I#BEL	26.519	181	124	3	90	269	453	971	3.87e-13	74.7
g17107.t1	Copia-11_AA-I#Copia	27.948	229	137	3	288	503	553	1194	4.08e-13	74.3
g17107.t1	BEL-70_CQ-I#BEL	25.296	253	178	6	115	364	1011	1745	6.13e-13	73.9
g17107.t1	Copia-116_AA-I#Copia	27.451	255	150	8	288	518	582	1313	6.93e-13	73.2
g17107.t1	COPIA2-I_AG#Copia	25.726	241	168	5	293	531	654	1349	7.25e-13	73.6
g17107.t1	BEL-792_AA-I#BEL	27.213	305	177	9	124	423	741	1535	7.49e-13	73.6
g17107.t1	BEL-116_AA-I#BEL	26.939	245	161	7	121	357	1195	1899	9.42e-13	73.2
g17107.t1	BEL-272_AA-I#BEL	24.460	278	192	9	90	360	1022	1822	1.01e-12	73.2
g17107.t1	BEL-54_AA-I#BEL	25.101	247	163	8	124	360	1170	1874	1.08e-12	73.2
g17107.t1	Copia-44_AA-I#Copia	25.403	248	157	4	293	531	680	1366	1.08e-12	73.2
g17107.t1	BEL-7_DTa-I#BEL	29.677	155	105	3	124	277	796	1251	1.16e-12	73.2
g17107.t1	BEL-2_DPu-I#BEL	28.986	138	93	3	121	257	458	859	1.16e-12	73.2
g17107.t1	BEL-57_CQ-I#BEL	25.103	243	164	6	120	358	940	1626	1.22e-12	72.8
g17107.t1	Copia-22_SI-I#Copia	27.053	207	129	4	329	528	897	1472	1.60e-12	72.4
g17107.t1	BEL-13_DP-I#BEL	25.391	256	166	9	112	357	603	1325	1.71e-12	72.4
g17107.t1	BEL-1_EuTe-I#BEL	26.446	242	159	6	124	354	510	1211	1.79e-12	72.4
g17107.t1	BEL-4_DPu-I#BEL	25.381	197	139	3	110	306	2336	2902	2.00e-12	72.4
g17107.t1	Copia-20_CQ-I#Copia	26.087	276	169	4	272	528	478	1257	2.06e-12	72.0
g17107.t1	BEL-26_AG-I#BEL	26.772	254	164	8	113	358	1800	2519	2.10e-12	72.4
g17107.t1	Copia-180_AA-I#Copia	24.390	246	175	5	293	531	619	1344	2.80e-12	71.6
g17107.t1	BEL-7_Adi-I#BEL	31.081	148	95	4	124	270	748	1173	2.95e-12	71.6
g17107.t1	BEL-4_DAzt-I#BEL	24.125	257	178	6	122	372	1035	1772	3.01e-12	71.6
g17107.t1	BEL-618_AA-I#BEL	33.544	158	101	3	121	277	819	1283	3.05e-12	71.6
g17107.t1	Copia-101_AA-I#Copia	26.721	247	156	7	293	531	776	1465	3.14e-12	71.6
g17107.t1	Copia-174_AA-I#Copia	26.984	252	160	6	293	536	678	1385	3.27e-12	71.6
g17107.t1	Copia-99_AA-I#Copia	27.778	252	163	8	292	531	606	1340	3.30e-12	71.6
g17107.t1	BEL-8_Adi-I#BEL	22.490	249	171	8	131	366	456	1175	3.64e-12	71.2
g17107.t1	BEL-758_AA-I#BEL	30.323	155	104	3	121	274	1179	1634	4.63e-12	71.2
g17107.t1	Copia-142_AA-I#Copia	24.506	253	168	7	288	531	573	1289	5.27e-12	70.9
g17107.t1	BEL-3_DPu-I#BEL	28.191	188	127	2	124	311	1572	2111	5.76e-12	70.9
g17107.t1	Copia-2_AA-I#Copia	25.316	237	156	4	269	504	890	1540	6.02e-12	70.1
g17107.t1	BEL-8_SI-I#BEL	22.519	262	168	8	119	357	618	1367	6.10e-12	70.9
g17107.t1	BEL1-I_DV#BEL	23.985	271	168	7	102	357	659	1402	6.15e-12	70.9
g17107.t1	Copia-12_AA-I#Copia	25.086	291	190	6	236	525	775	1566	6.57e-12	70.5
g17107.t1	Copia-17_CP-I#Copia	24.044	366	198	12	198	531	340	1293	7.47e-12	70.5
g17107.t1	BEL-6_DPu-I#BEL	30.894	123	77	2	179	301	895	1239	7.81e-12	60.5
g17107.t1	BEL-6_DPu-I#BEL	28.378	74	45	3	103	175	692	892	7.81e-12	30.4
g17107.t1	Copia-125_AA-I#Copia	25.778	225	148	5	288	503	792	1436	8.14e-12	70.5
g17107.t1	BEL-22_AG-I#BEL	29.834	181	118	4	122	301	608	1126	9.67e-12	70.1
g17107.t1	BEL-13_AA-I#BEL	32.903	155	100	3	124	277	848	1303	9.69e-12	70.1
g17107.t1	BEL-733_AA-I#BEL	23.297	279	197	7	83	360	1099	1887	1.10e-11	70.1
g17107.t1	COPIA1-I_AG#Copia	26.500	200	123	3	334	532	778	1308	1.11e-11	69.7
g17107.t1	Copia-10_AA-I#Copia	25.397	252	166	6	288	531	597	1310	1.23e-11	69.3
g17107.t1	AACOPIA1_I#Copia	24.354	271	182	6	269	536	629	1381	1.33e-11	69.7
g17107.t1	BEL-9_SI-I#BEL	26.573	286	189	10	4	277	1116	1946	1.46e-11	69.3
g17107.t1	Copia-82_AA-I#Copia	27.734	256	150	7	293	532	592	1302	1.60e-11	69.3
g17107.t1	Copia-59_AA-I#Copia	24.194	248	165	4	293	531	718	1419	1.71e-11	69.3
g17107.t1	Copia-187_AA-I#Copia	25.641	234	160	4	302	534	539	1201	2.09e-11	68.9
g17107.t1	Copia-36_GAr-I#Copia	28.488	172	111	4	338	503	787	1284	2.09e-11	68.9
g17107.t1	Copia-192_AA-I#Copia	24.074	270	182	6	269	536	746	1492	2.20e-11	68.9
g17107.t1	BEL3-I_Dpse#BEL	28.571	168	112	4	110	274	1014	1502	2.20e-11	68.9
g17107.t1	Copia-50_GM-I#Copia	28.804	184	97	7	336	507	890	1375	2.20e-11	68.9
g17107.t1	BEL-2_DFi-I#BEL	25.498	251	148	8	124	357	813	1499	2.43e-11	68.9
g17107.t1	BEL4-I_AP#BEL	27.027	185	120	6	119	299	808	1329	2.45e-11	68.9
g17107.t1	Copia-58_AA-I#Copia	27.551	196	124	4	341	531	805	1353	2.47e-11	68.6
g17107.t1	BEL-6_DAzt-I#BEL	32.609	138	87	4	112	247	815	1216	2.54e-11	68.6
g17107.t1	Copia-98_AA-I#Copia	28.125	224	148	5	288	506	796	1443	2.57e-11	68.6
g17107.t1	Copia-3_AA-I#Copia	23.841	302	185	8	250	532	433	1260	2.72e-11	68.6
g17107.t1	BEL-191_AA-I#BEL	24.291	247	174	6	119	360	1179	1895	2.83e-11	68.6
g17107.t1	MTANGA_I#Copia	24.896	241	158	7	280	508	478	1167	2.86e-11	68.6
g17107.t1	Copia-87_ST-I#Copia	29.231	195	118	4	337	531	730	1254	2.94e-11	68.6
g17107.t1	Copia-172_AA-I#Copia	27.203	261	166	9	280	531	583	1320	3.69e-11	68.2
g17107.t1	BEL-8_HM-I#BEL	28.188	149	100	3	124	269	614	1048	4.12e-11	68.2
g17107.t1	BEL-93_AA-I#BEL	27.551	196	128	6	112	301	1292	1855	4.60e-11	67.8
g17107.t1	Copia-19_SI-I#Copia	26.178	191	135	3	341	531	798	1352	4.77e-11	67.8
g17107.t1	BEL11-I_AG#BEL	24.167	240	166	7	122	358	485	1165	5.08e-11	67.8
g17107.t1	BEL-4_PPo-I#BEL	27.700	213	133	6	116	327	1666	2244	5.10e-11	67.8
g17107.t1	BEL-4_DFi-I#BEL	24.797	246	170	6	119	357	723	1436	6.06e-11	67.4
g17107.t1	BEL-96_AA-I#BEL	32.903	155	100	3	124	277	621	1076	6.63e-11	67.4
g17107.t1	Copia-70_AA-I#Copia	26.038	265	161	6	288	531	561	1313	7.12e-11	67.0
g17107.t1	BEL-4_DEl-I#BEL	24.031	258	185	7	103	357	837	1586	8.71e-11	67.0
g17107.t1	BEL-196_AA-I#BEL	25.641	195	132	5	112	301	1207	1767	1.04e-10	66.6
g17107.t1	Copia-102_AA-I#Copia	26.984	252	157	9	283	531	593	1276	1.07e-10	66.6
g17107.t1	Copia-52_AA-I#Copia	24.324	259	174	8	269	521	550	1278	1.22e-10	66.2
g17107.t1	BEL-783_AA-I#BEL	25.403	248	161	7	121	358	1005	1706	1.31e-10	66.6
g17107.t1	Copia-5_HAE-I#Copia	29.032	155	83	2	341	482	671	1093	1.32e-10	66.2
g17107.t1	Copia-197_AA-I#Copia	31.053	190	112	5	341	528	750	1268	1.34e-10	66.2
g17107.t1	BEL-6_DPe-I#BEL	28.514	249	161	8	122	364	940	1653	1.36e-10	66.2
g17107.t1	Copia-191_AA-I#Copia	26.506	249	152	7	293	534	613	1287	1.54e-10	66.2
g17107.t1	BEL-773_AA-I#BEL	29.121	182	120	5	121	301	1146	1667	1.83e-10	65.9
g17107.t1	BEL-1_DRh-I#BEL	23.611	288	203	9	80	357	690	1532	1.87e-10	65.9
g17107.t1	Copia-166_AA-I#Copia	27.273	198	113	5	293	480	626	1156	1.94e-10	65.9
g17107.t1	Copia-38_AA-I#Copia	26.296	270	168	9	282	531	564	1340	1.96e-10	65.9
g17107.t1	BEL-18_DAn-I#BEL	21.986	282	203	6	117	397	787	1584	2.08e-10	65.5
g17107.t1	BEL-3_DSer-I#BEL	27.626	257	163	11	110	357	870	1598	2.10e-10	65.5
g17107.t1	Copia-15_GAr-I#Copia	23.743	358	205	11	198	531	311	1252	2.19e-10	65.5
g17107.t1	Copia-8_AA-I#Copia	24.138	232	145	5	280	503	772	1398	2.27e-10	65.1
g17107.t1	BEL-641_AA-I#BEL	23.413	252	180	6	116	364	1609	2334	2.39e-10	65.5
g17107.t1	BEL-787_AA-I#BEL	25.600	250	173	7	120	364	1032	1757	2.48e-10	65.5
g17107.t1	BEL-3_LSal-I#BEL	26.829	164	114	3	125	286	486	965	2.56e-10	65.5
g17107.t1	Copia-9_AA-I#Copia	25.460	326	199	11	211	533	414	1268	2.59e-10	65.5
g17107.t1	Copia-19_AA-I#Copia	28.205	234	138	6	280	504	579	1217	2.80e-10	65.1
g17107.t1	BEL-103_AA-I#BEL	26.506	249	153	7	121	360	1308	1991	2.84e-10	65.5
g17107.t1	BEL-4_DAn-I#BEL	21.901	242	169	4	118	359	921	1586	2.87e-10	65.5
g17107.t1	BEL-6_DMoj-I#BEL	29.825	171	109	6	84	247	908	1408	3.20e-10	65.1
g17107.t1	Copia-26_AIp-I#Copia	28.061	196	122	6	337	530	729	1265	3.21e-10	65.1
g17107.t1	BEL-64_CQ-I#BEL	23.967	242	173	6	120	358	978	1679	3.40e-10	65.1
g17107.t1	BEL-5_DAzt-I#BEL	25.095	263	170	9	103	357	774	1505	3.47e-10	65.1
g17107.t1	Copia-40_GR-I#Copia	28.856	201	119	8	338	523	791	1366	3.76e-10	64.7
g17107.t1	BEL-3-I_NV#BEL	29.545	132	82	4	124	251	517	891	3.89e-10	64.7
g17107.t1	Copia-36_GR-I#Copia	24.377	361	228	11	158	503	359	1351	4.33e-10	64.7
g17107.t1	BEL-2_DVir-I#BEL	23.695	249	171	7	116	357	662	1372	4.62e-10	64.7
g17107.t1	BEL-641B_AA-I#BEL	23.413	252	180	6	116	364	1653	2378	4.75e-10	64.7
g17107.t1	Copia-46_BG-I#Copia	28.713	202	131	7	340	536	850	1431	4.96e-10	64.3
g17107.t1	Copia-156_AA-I#Copia	26.866	335	213	11	190	518	299	1225	5.31e-10	64.3
g17107.t1	Copia-17_SI-I#Copia	27.638	199	119	4	341	534	788	1324	5.75e-10	64.3
g17107.t1	BEL-741_AA-I#BEL	24.390	246	172	6	121	360	979	1692	5.81e-10	64.3
g17107.t1	BEL-1_DEre-I#BEL	27.542	236	131	8	121	353	1153	1749	5.86e-10	64.3
g17107.t1	BEL-20_AG-I#BEL	26.519	181	120	4	124	301	444	956	6.10e-10	64.3
g17107.t1	BEL-765B_AA-I#BEL	29.032	155	100	4	124	274	1475	1921	6.18e-10	64.3
g17107.t1	BEL-754_AA-I#BEL	26.667	165	117	3	121	284	1075	1560	6.30e-10	64.3
g17107.t1	BEL-5R_DAzt-I#BEL	24.723	271	161	9	103	357	767	1498	6.80e-10	63.9
g17107.t1	BEL-7_DPe-I#BEL	25.106	235	156	6	125	359	1026	1670	7.19e-10	63.9
g17107.t1	Copia-45_JC-I#Copia	30.120	166	86	5	340	503	882	1295	8.08e-10	63.9
g17107.t1	BEL-744_AA-I#BEL	24.194	248	170	7	121	360	974	1687	8.26e-10	63.9
g17107.t1	Copia-107_AA-I#Copia	23.790	248	181	4	292	534	652	1386	8.27e-10	63.9
g17107.t1	BEL-717_AA-I#BEL	24.715	263	157	7	124	354	685	1446	9.50e-10	63.5
g17107.t1	BEL-122_AA-I#BEL	25.726	241	165	7	121	357	888	1580	1.01e-09	63.5
g17107.t1	BEL-216_AA-I#BEL	24.832	298	172	10	120	381	1414	2259	1.08e-09	63.5
g17107.t1	BEL-739_AA-I#BEL	26.667	165	117	3	121	284	1074	1559	1.21e-09	63.2
g17107.t1	Copia-24_SI-I#Copia	25.926	189	126	4	341	528	925	1452	1.31e-09	63.2
g17107.t1	BEL-592_AA-I#BEL	27.717	184	128	4	121	303	1066	1605	1.34e-09	63.2
g17107.t1	BEL-765_AA-I#BEL	28.387	155	101	4	124	274	1505	1951	1.36e-09	63.2
g17107.t1	Copia-1_LSal-I#Copia	28.000	200	113	6	341	530	638	1174	1.42e-09	63.2
g17107.t1	BEL-8_DAzt-I#BEL	27.848	237	161	7	125	357	1511	2203	1.48e-09	63.2
g17107.t1	BEL-58_CQ-I#BEL	22.314	242	169	6	121	358	1087	1767	1.59e-09	62.8
g17107.t1	BEL-9_DAzt-I#BEL	27.049	244	153	11	119	357	767	1438	1.60e-09	62.8
g17107.t1	Copia-6_JC-I#Copia	29.730	148	79	6	341	482	755	1141	1.62e-09	62.8
g17107.t1	Copia-176_AA-I#Copia	28.671	143	90	4	341	482	780	1175	1.63e-09	62.8
g17107.t1	Copia-175_AA-I#Copia	24.621	264	177	7	269	531	596	1324	1.73e-09	62.8
g17107.t1	Copia-48_JC-I#Copia	24.601	313	192	10	227	522	1237	2094	1.78e-09	62.8
g17107.t1	Copia-162_AA-I#Copia	24.739	287	192	6	250	531	515	1318	2.01e-09	62.4
g17107.t1	Copia-25_OS-I#Copia	25.670	261	152	6	279	530	1921	2604	2.04e-09	62.4
g17107.t1	BEL-737_AA-I#BEL	24.481	241	168	6	121	360	1243	1926	2.05e-09	62.8
g17107.t1	Copia-97_AA-I#Copia	25.591	254	154	7	293	533	580	1275	2.12e-09	62.4
g17107.t1	BEL-15_DEl-I#BEL	27.168	173	114	5	82	247	470	973	2.17e-09	62.4
g17107.t1	BEL-16_DAn-I#BEL	24.904	261	164	8	124	379	995	1696	2.20e-09	62.4
g17107.t1	RETRO92_AG-I#Copia	27.604	192	100	6	302	482	655	1146	2.46e-09	62.4
g17107.t1	Copia-178_AA-I#Copia	28.571	238	145	5	302	531	766	1428	2.46e-09	62.4
g17107.t1	BEL-829_AA-I#BEL	27.586	203	132	6	106	301	1627	2211	2.65e-09	62.4
g17107.t1	BEL-2_PBa-I#BEL	30.769	156	103	4	120	274	505	960	2.85e-09	62.0
g17107.t1	Copia26-PTR_I#Copia	29.167	168	101	5	341	503	872	1336	2.92e-09	62.0
g17107.t1	BEL-13_DAzt-I#BEL	27.092	251	160	9	116	358	851	1558	2.92e-09	62.0
g17107.t1	BEL-4_LH-I#BEL	22.261	283	197	8	1	277	485	1282	3.11e-09	62.0
g17107.t1	Copia-37_AA-I#Copia	26.201	229	138	5	288	503	562	1194	3.22e-09	62.0
g17107.t1	BEL-734_AA-I#BEL	29.365	252	153	12	124	364	715	1428	3.36e-09	62.0
g17107.t1	Copia-77_MLP-I#Copia	28.966	145	86	6	341	480	1013	1411	3.45e-09	61.6
g17107.t1	Copia-38_VV-I#Copia	32.515	163	87	5	341	503	955	1374	3.48e-09	61.6
g17107.t1	BEL-2_ASu-I#BEL	23.600	250	167	10	122	364	268	966	3.51e-09	62.0
g17107.t1	BEL-21_CQ-I#BEL	24.066	241	166	7	122	360	1178	1855	3.53e-09	62.0
g17107.t1	BEL-25_AA-I#BEL	24.803	254	168	8	116	361	1136	1852	3.73e-09	61.6
g17107.t1	BEL-5_DPer-I#BEL	24.803	254	146	10	122	357	765	1445	4.07e-09	61.6
g17107.t1	Copia-185_AA-I#Copia	27.311	238	141	6	302	534	557	1189	4.22e-09	61.6
g17107.t1	Copia-3_DWil-I#Copia	31.579	190	101	6	341	530	780	1262	4.49e-09	61.2
g17107.t1	BEL-117_AA-I#BEL	31.613	155	102	3	121	274	918	1373	4.54e-09	61.6
g17107.t1	BEL-740_AA-I#BEL	23.200	250	158	8	121	360	1181	1858	4.59e-09	61.6
g17107.t1	Copia14-PTR_I#Copia	23.037	191	131	4	341	525	941	1483	4.78e-09	61.2
g17107.t1	BEL-780_AA-I#BEL	25.651	269	172	9	124	379	1012	1773	4.96e-09	61.2
g17107.t1	Copia-199_AA-I#Copia	33.333	168	90	5	340	505	762	1205	5.07e-09	61.2
g17107.t1	Copia-79_VV-I#Copia	26.147	218	138	6	317	530	716	1312	5.32e-09	61.2
g17107.t1	Copia-123_AA-I#Copia	25.188	266	176	5	269	533	549	1280	5.38e-09	61.2
g17107.t1	BEL-595_AA-I#BEL	29.677	155	105	3	121	274	934	1389	5.50e-09	61.2
g17107.t1	BEL-222_AA-I#BEL	28.571	161	111	3	115	274	1530	2003	5.62e-09	61.2
g17107.t1	Copia-41_GR-I#Copia	29.545	176	108	6	337	503	778	1284	5.74e-09	60.8
g17107.t1	Copia-195_AA-I#Copia	26.693	251	162	4	293	536	827	1534	5.92e-09	60.8
g17107.t1	Copia-34_AA-I#Copia	25.600	250	163	8	288	529	505	1209	5.94e-09	60.8
g17107.t1	BEL-833_AA-I#BEL	26.190	210	148	5	79	286	814	1428	5.94e-09	61.2
g17107.t1	Copia-62_BG-I#Copia	27.391	230	141	11	327	536	744	1415	6.16e-09	60.8
g17107.t1	Copia-135_AA-I#Copia	24.609	256	166	8	280	528	494	1201	6.23e-09	60.8
g17107.t1	Copia-29_TC-I#Copia	26.627	169	116	4	336	503	810	1295	6.38e-09	60.8
g17107.t1	Copia-7_GAr-I#Copia	29.586	169	90	5	340	503	858	1292	6.43e-09	60.8
g17107.t1	BEL-826_AA-I#BEL	29.268	164	106	5	119	278	1691	2164	6.80e-09	60.8
g17107.t1	BEL-20_DTa-I#BEL	27.363	201	137	5	80	278	1034	1615	7.13e-09	60.8
g17107.t1	Copia-56_BG-I#Copia	26.667	300	168	13	192	482	340	1110	7.62e-09	60.5
g17107.t1	Copia-33_ECa-I#Copia	27.273	198	115	7	341	531	754	1281	7.73e-09	60.5
g17107.t1	Copia-181_AA-I#Copia	24.206	252	150	8	293	528	575	1255	8.60e-09	60.5
g17107.t1	BEL-256_AA-I#BEL	23.810	252	175	8	115	360	1955	2677	9.14e-09	60.5
g17107.t1	Copia-99_VV-I#Copia	25.758	198	104	7	341	536	859	1329	9.31e-09	60.1
g17107.t1	BEL-11_LH-I#BEL	22.581	248	187	4	122	368	795	1526	9.82e-09	60.5
g17107.t1	BEL-4_AA-I#BEL	25.333	300	188	11	80	364	556	1392	9.82e-09	60.5
g17107.t1	BEL13-I_AG#BEL	24.280	243	171	6	120	360	855	1550	9.89e-09	60.5
g17107.t1	Copia-45_MN-I#Copia	29.054	148	85	5	341	482	827	1228	1.01e-08	60.1
g17107.t1	BEL-23_CQ-I#BEL	23.577	246	177	6	119	360	826	1542	1.02e-08	60.5
g17107.t1	BEL-3_DVir-I#BEL	23.431	239	170	8	125	357	744	1439	1.02e-08	60.5
g17107.t1	BEL-8_BTa-I#BEL	27.027	185	125	4	118	301	574	1101	1.08e-08	60.1
g17107.t1	BEL8-I_AG#BEL	25.414	181	124	5	114	293	471	983	1.08e-08	60.1
g17107.t1	BEL-834_AA-I#BEL	29.268	164	106	5	119	278	1543	2016	1.12e-08	60.1
g17107.t1	Copia-177_AA-I#Copia	23.462	260	187	5	269	525	560	1312	1.19e-08	60.1
g17107.t1	Copia-15_SI-I#Copia	25.214	234	139	8	256	482	526	1140	1.31e-08	60.1
g17107.t1	Copia-4_GAr-I#Copia	24.599	187	127	5	341	520	869	1408	1.32e-08	59.7
g17107.t1	BEL-642_AA-I#BEL	24.380	242	169	7	120	360	1038	1724	1.37e-08	60.1
g17107.t1	BEL-39_AA-I#BEL	28.947	152	104	3	124	274	1675	2121	1.55e-08	59.7
g17107.t1	CER7-I_CE#LTR	24.400	250	166	6	113	357	672	1367	1.71e-08	59.7
g17107.t1	BEL-764_AA-I#BEL	23.265	245	173	6	119	358	1224	1928	1.72e-08	59.7
g17107.t1	Copia-22_CQ-I#Copia	27.461	193	137	3	341	531	1061	1636	1.78e-08	59.3
g17107.t1	BEL-1_BM-I#BEL	28.902	173	114	5	77	246	387	887	1.88e-08	59.3
g17107.t1	Copia-19_PTri-I#Copia	30.061	163	87	5	341	503	887	1294	1.98e-08	59.3
g17107.t1	BEL2-I_Dmoj#BEL	25.000	252	162	9	119	357	990	1703	2.34e-08	59.3
g17107.t1	ATCOPIA44_I#Copia	31.771	192	100	8	341	530	821	1309	2.35e-08	58.9
g17107.t1	BEL-2_DAzt-I#BEL	25.000	240	166	6	122	357	1772	2461	2.50e-08	58.9
g17107.t1	Copia-182_AA-I#Copia	32.934	167	93	8	322	482	656	1117	2.56e-08	58.9
g17107.t1	Copia-47_AA-I#Copia	26.007	273	154	11	285	531	609	1361	2.58e-08	58.9
g17107.t1	Copia-35_AA-I#Copia	25.000	256	159	7	293	536	820	1524	2.67e-08	58.9
g17107.t1	Copia-26_AA-I#Copia	27.803	223	140	5	316	537	1201	1809	2.68e-08	58.9
g17107.t1	BEL-6_LH-I#BEL	25.161	155	112	4	124	277	810	1265	3.10e-08	58.9
g17107.t1	BEL1-I_Dmoj#BEL	25.175	286	181	8	1	278	554	1336	3.25e-08	58.5
g17107.t1	Copia-130_AA-I#Copia	29.319	191	115	6	341	528	1723	2244	3.25e-08	58.5
g17107.t1	BEL15-I_AG#BEL	24.176	182	123	6	121	298	632	1144	3.31e-08	58.5
g17107.t1	BEL-1_SI-I#BEL	22.709	251	178	8	124	371	1292	2005	3.32e-08	58.5
g17107.t1	BEL-260_AA-I#BEL	26.154	260	172	10	113	364	979	1722	3.45e-08	58.5
g17107.t1	Copia-42_GR-I#Copia	28.736	174	104	7	341	503	802	1296	3.62e-08	58.5
g17107.t1	BEL16-I_AG#BEL	25.000	264	151	10	124	354	636	1385	3.68e-08	58.5
g17107.t1	BEL-6_DSer-I#BEL	22.554	368	241	12	11	358	983	2014	3.87e-08	58.5
g17107.t1	Copia15-NVi_I#Copia	26.368	201	121	5	340	530	807	1358	4.04e-08	58.2
g17107.t1	Copia-46_ALY-I#Copia	26.389	216	130	6	316	530	748	1311	4.12e-08	58.2
g17107.t1	BEL-622_AA-I#BEL	27.044	159	112	4	121	278	1236	1703	4.14e-08	58.5
g17107.t1	BEL-1_LG-I#BEL	26.842	190	128	6	29	217	427	966	4.16e-08	58.5
g17107.t1	Copia-9_AT-I#Copia	29.870	154	92	5	330	482	740	1156	4.22e-08	58.2
g17107.t1	BEL-825_AA-I#BEL	26.630	184	126	5	119	301	1576	2103	4.29e-08	58.2
g17107.t1	BEL-14_DAn-I#BEL	22.507	351	239	10	121	453	1477	2484	5.33e-08	58.2
g17107.t1	Copia-8_ALY-I#Copia	33.117	154	72	6	329	482	804	1172	5.46e-08	57.8
g17107.t1	BEL-8_CQ-I#BEL	24.096	249	173	7	119	360	690	1409	6.03e-08	57.8
g17107.t1	BEL-218_AA-I#BEL	25.556	180	125	4	124	302	720	1235	6.14e-08	57.4
g17107.t1	Copia-6_TC-I#Copia	29.252	147	92	5	341	478	823	1254	6.49e-08	57.8
g17107.t1	Copia-34_JC-I#Copia	29.851	201	110	7	337	528	256	792	6.88e-08	57.4
g17107.t1	BEL-2_DRh-I#BEL	24.561	285	164	9	112	373	357	1127	7.27e-08	57.4
g17107.t1	BEL-730_AA-I#BEL	22.709	251	183	6	121	370	1300	2022	7.50e-08	57.4
g17107.t1	TRAM_I#BEL	23.137	255	173	8	122	369	777	1493	7.54e-08	57.4
g17107.t1	Copia-8_DPu-I#Copia	27.225	191	119	6	341	528	907	1428	7.71e-08	57.4
g17107.t1	BEL-1_BMa-I#BEL	25.134	187	122	5	118	302	449	961	7.72e-08	57.4
g17107.t1	BEL-224_AA-I#BEL	27.222	180	120	6	124	299	962	1480	7.72e-08	57.4
g17107.t1	BEL-140_AA-I#BEL	21.942	278	189	7	119	373	1118	1936	8.09e-08	57.4
g17107.t1	BEL-257_AA-I#BEL	27.632	152	106	3	124	274	1213	1659	8.26e-08	57.4
g17107.t1	BEL-2_SSa-I#BEL	25.106	235	164	7	130	360	809	1489	8.97e-08	57.4
g17107.t1	Copia-198_AA-I#Copia	25.909	220	140	5	293	506	797	1405	9.18e-08	57.0
g17107.t1	BEL-202_AA-I#BEL	22.609	345	217	12	120	424	985	1989	9.61e-08	57.0
g17107.t1	BEL12-I_AG#BEL	26.111	180	124	5	124	302	951	1466	9.62e-08	57.0
g17107.t1	Copia-179_AA-I#Copia	25.000	220	149	5	269	482	580	1209	9.94e-08	57.0
g17107.t1	BEL-5-LTR_HM#BEL	37.500	88	48	3	121	205	640	891	1.00e-07	55.5
g17107.t1	BEL-18_DWil-I#BEL	33.121	157	93	7	124	275	936	1385	1.01e-07	57.0
g17107.t1	BEL-797_AA-I#BEL	26.667	180	123	4	124	302	964	1479	1.11e-07	57.0
g17107.t1	BEL-10_DTa-I#BEL	29.747	158	99	5	124	276	899	1351	1.12e-07	57.0
g17107.t1	BEL-844_AA-I#BEL	24.291	247	162	7	121	360	1117	1803	1.15e-07	57.0
g17107.t1	Copia-34_TC-I#Copia	27.119	177	121	4	331	506	864	1373	1.17e-07	57.0
g17107.t1	Copia-15_GR-I#Copia	23.858	197	133	4	336	531	740	1282	1.17e-07	57.0
g17107.t1	BEL-27_CQ-I#BEL	21.901	242	170	6	121	358	1104	1784	1.26e-07	57.0
g17107.t1	BEL-1_AmRa-I#BEL	19.847	262	169	6	125	354	1743	2501	1.28e-07	56.6
g17107.t1	TTO1_NT_I#Copia	26.702	191	123	5	341	531	829	1350	1.29e-07	56.6
g17107.t1	Adg_Copia-70_AA-I#Copia	24.583	240	145	6	292	528	711	1331	1.31e-07	56.6
g17107.t1	BEL-8_LSal-I#BEL	28.777	139	94	4	133	269	396	803	1.34e-07	56.6
g17107.t1	Copia-35_GAr-I#Copia	29.651	172	105	6	341	503	802	1296	1.43e-07	56.6
g17107.t1	Copia-8_Pru-I#Copia	34.021	97	53	3	392	482	886	1161	1.51e-07	56.6
g17107.t1	BEL-253_AA-I#BEL	26.374	182	119	6	124	301	1238	1750	1.65e-07	56.6
g17107.t1	BEL-5_DVir-I#BEL	23.643	258	180	7	122	373	892	1632	1.68e-07	56.2
g17107.t1	BEL-1_DFi-I#BEL	32.673	101	66	1	124	224	733	1029	1.70e-07	56.2
g17107.t1	Copia-55_NS-I#Copia	23.416	363	195	12	198	531	315	1241	1.70e-07	56.2
g17107.t1	Copia-16_PAb-I#Copia	26.000	200	122	6	336	531	1472	2005	1.78e-07	56.2
g17107.t1	Copia-16_Mad-I#Copia	28.671	143	85	6	341	482	717	1097	1.81e-07	56.2
g17107.t1	BEL-84_AA-I#BEL	28.387	155	107	3	121	274	894	1349	1.84e-07	56.2
g17107.t1	Copia-9_GAr-I#Copia	23.544	395	235	13	158	523	338	1408	1.85e-07	56.2
g17107.t1	BEL-7_DAzt-I#BEL	27.108	166	105	5	122	274	904	1392	1.86e-07	56.2
g17107.t1	BEL-620_AA-I#BEL	25.540	278	174	10	124	385	1028	1810	1.87e-07	56.2
g17107.t1	Copia-84_ALY-I#Copia	29.655	145	91	4	392	530	894	1313	1.87e-07	56.2
g17107.t1	Copia-13_ECa-I#Copia	28.834	163	88	6	341	503	928	1332	1.90e-07	56.2
g17107.t1	Copia-58_GR-I#Copia	28.378	148	92	6	341	482	868	1287	2.00e-07	56.2
g17107.t1	Copia-33_GAr-I#Copia	23.288	219	144	5	317	531	688	1284	2.13e-07	55.8
g17107.t1	BEL-1_DAzt-I#BEL	27.692	130	90	3	119	247	762	1142	2.27e-07	55.8
g17107.t1	BEL-2_LH-I#BEL	25.595	168	119	4	110	274	541	1035	2.32e-07	55.8
g17107.t1	Copia-61_Mad-I#Copia	26.486	185	103	6	302	482	768	1235	2.50e-07	55.8
g17107.t1	Copia-33_GR-I#Copia	28.966	145	69	6	341	482	785	1126	2.53e-07	55.8
g17107.t1	BEL-1-I_NV#BEL	27.559	127	89	2	121	247	594	965	2.55e-07	55.8
g17107.t1	BEL-791_AA-I#BEL	28.387	155	107	3	121	274	894	1349	2.58e-07	55.8
g17107.t1	Copia-1_AA-I#Copia	25.000	188	130	3	341	525	756	1295	2.65e-07	55.5
g17107.t1	Copia-4_SL-I#Copia	24.503	151	92	5	337	482	736	1137	2.73e-07	55.5
g17107.t1	BEL-2_DGri-I#BEL	25.000	236	157	8	125	358	995	1648	2.81e-07	55.8
g17107.t1	BEL-845_AA-I#BEL	22.672	247	166	7	121	360	1119	1805	2.89e-07	55.8
g17107.t1	Copia-142_ALy-I#Copia	29.932	147	76	7	337	482	906	1268	2.94e-07	55.5
g17107.t1	Copia-14_CP-I#Copia	27.485	171	104	5	341	505	847	1317	3.06e-07	55.5
g17107.t1	BEL-726_AA-I#BEL	26.667	165	117	3	121	284	1188	1673	3.11e-07	55.5
g17107.t1	BEL-819_AA-I#BEL	23.651	241	169	7	121	360	1223	1903	3.24e-07	55.5
g17107.t1	BEL-21_DWil-I#BEL	24.359	156	114	3	123	277	1734	2192	3.45e-07	55.1
g17107.t1	Copia-5_TC-I#Copia	29.834	181	105	5	331	503	847	1347	3.59e-07	55.1
g17107.t1	Copia-79_GM-I#Copia	26.994	163	90	5	341	503	900	1301	3.89e-07	55.1
g17107.t1	Copia-36_BG-I#Copia	36.709	79	47	2	406	482	1065	1298	4.06e-07	55.1
g17107.t1	BEL-842_AA-I#BEL	21.162	241	181	5	124	364	766	1461	4.08e-07	55.1
g17107.t1	Copia-6_EPa-I#Copia	26.131	199	117	5	341	532	804	1331	4.11e-07	55.1
g17107.t1	Copia-47_GR-I#Copia	25.161	155	94	4	332	482	705	1115	4.11e-07	55.1
g17107.t1	BEL-1_PBa-I#BEL	26.380	163	112	4	118	277	460	933	4.12e-07	55.1
g17107.t1	Copia-8_BTa-I#Copia	23.132	281	166	7	233	510	473	1174	4.28e-07	55.1
g17107.t1	BEL-8_DPu-I#BEL	25.786	159	114	4	120	277	2551	3018	4.31e-07	55.1
g17107.t1	BEL-849_AA-I#BEL	25.105	239	165	10	124	357	593	1282	4.49e-07	55.1
g17107.t1	BEL-12_DTa-I#BEL	24.691	243	172	5	124	364	756	1457	4.75e-07	55.1
g17107.t1	BEL-6_DRh-I#BEL	25.200	250	172	7	122	368	765	1478	4.89e-07	54.7
g17107.t1	Copia-2_DMo-I#Copia	27.957	186	110	8	341	522	757	1254	4.93e-07	54.7
g17107.t1	Copia-126_BRa-I#Copia	28.966	145	74	4	338	482	915	1262	5.03e-07	54.7
g17107.t1	Copia-1_CP-I#Copia	25.143	175	101	5	341	510	871	1320	5.45e-07	54.7
g17107.t1	Copia-120_AA-I#Copia	25.616	203	119	6	269	467	536	1060	5.54e-07	54.7
g17107.t1	ATCOPIA89_I#Copia	24.180	244	120	8	295	482	898	1602	5.62e-07	54.7
g17107.t1	Copia-4_RPr-I#Copia	27.778	144	80	5	340	482	807	1169	6.40e-07	54.3
g17107.t1	BEL-843_AA-I#BEL	23.293	249	162	9	121	360	1122	1808	6.61e-07	54.7
g17107.t1	BEL-3_AmRa-I#BEL	21.053	266	170	7	125	358	1796	2569	6.63e-07	54.3
g17107.t1	ATCOPIA74_I#Copia	27.972	143	86	4	340	482	869	1246	7.41e-07	54.3
g17107.t1	Copia-2_DAn-I#Copia	29.252	147	71	6	337	482	708	1052	7.41e-07	54.3
g17107.t1	Copia-54_BRa-I#Copia	35.616	73	39	1	410	482	1393	1587	7.69e-07	54.3
g17107.t1	Copia-61_VV-I#Copia	27.673	159	86	7	325	482	800	1192	7.75e-07	54.3
g17107.t1	Copia-75_MN-I#Copia	24.615	195	125	4	337	531	743	1261	8.37e-07	53.9
g17107.t1	Copia-16_MAc-I#Copia	29.412	153	81	6	341	482	887	1297	8.55e-07	53.9
g17107.t1	BEL-9_DEl-I#BEL	21.898	274	145	6	124	367	1397	2101	8.90e-07	53.9
g17107.t1	Copia-77_MN-I#Copia	25.175	143	79	4	341	482	728	1075	9.00e-07	53.5
g17107.t1	BEL-15_DP-I#BEL	23.457	243	176	6	119	357	1315	2025	9.11e-07	53.9
g17107.t1	Copia-132_BRa-I#Copia	31.034	116	74	2	416	530	961	1293	9.23e-07	53.9
g17107.t1	Copia37-PTR_I#Copia	24.607	191	122	5	341	530	963	1472	9.74e-07	53.9
g17107.t1	Copia-27_GAr-I#Copia	33.600	125	73	3	403	523	1029	1385	1.01e-06	53.9
g17107.t1	Copia-23_ECa-I#Copia	25.131	191	115	5	341	530	1036	1527	1.03e-06	53.9
g17107.t1	Copia-163_AA-I#Copia	25.767	163	120	1	341	503	769	1254	1.06e-06	53.9
g17107.t1	BEL-8_AmRa-I#BEL	24.231	260	173	7	113	357	1653	2405	1.07e-06	53.9
g17107.t1	Copia-25_JC-I#Copia	27.684	177	111	5	336	503	866	1372	1.09e-06	53.5
g17107.t1	BEL-836_AA-I#BEL	23.684	266	157	8	124	354	864	1628	1.09e-06	53.9
g17107.t1	Copia-93_GM-I#Copia	27.027	148	75	4	341	482	871	1233	1.15e-06	53.5
g17107.t1	BEL-6_AA-I#BEL	25.287	174	122	4	107	279	726	1226	1.16e-06	53.5
g17107.t1	Copia-10_AIp-I#Copia	23.881	335	204	12	201	518	341	1243	1.18e-06	53.5
g17107.t1	BEL9-I_AG#BEL	27.329	161	97	5	124	275	597	1046	1.20e-06	53.5
g17107.t1	BEL-10_DEl-I#BEL	21.631	282	193	6	93	357	2021	2833	1.20e-06	53.5
g17107.t1	Copia-4_Cfl-I#Copia	29.167	120	84	1	411	530	894	1250	1.25e-06	53.5
g17107.t1	Copia-5_ST-I#Copia	27.174	184	97	6	337	515	837	1292	1.30e-06	53.5
g17107.t1	BEL-11_DBp-I#BEL	22.414	348	242	9	121	453	1057	2061	1.36e-06	53.5
g17107.t1	Copia-11_AIp-I#Copia	24.873	197	128	5	337	531	750	1286	1.39e-06	53.5
g17107.t1	Copia-19_AIp-I#Copia	28.169	142	71	5	341	482	789	1121	1.41e-06	53.5
g17107.t1	BEL-9_LG-I#BEL	34.940	83	52	2	188	269	743	988	1.45e-06	53.5
g17107.t1	Copia-9_BRa-I#Copia	26.897	145	89	5	340	482	870	1259	1.62e-06	53.1
g17107.t1	Copia-41_RC-I#Copia	29.605	152	79	6	331	482	837	1208	1.68e-06	53.1
g17107.t1	Copia-43_GM-I#Copia	26.712	146	73	5	341	482	931	1278	1.68e-06	53.1
g17107.t1	BEL-749_AA-I#BEL	25.287	174	126	4	112	284	774	1286	1.74e-06	53.1
g17107.t1	Copia-142B_ALy-I#Copia	27.500	160	85	6	341	482	841	1281	1.76e-06	53.1
g17107.t1	BEL-3_Deu-I#BEL	22.535	284	192	7	1	280	545	1324	1.82e-06	53.1
g17107.t1	BEL-5_DMoj-I#BEL	25.316	237	163	6	125	357	1584	2264	1.88e-06	53.1
g17107.t1	Copia-54_ALY-I#Copia	38.028	71	36	2	412	482	1447	1635	1.89e-06	52.8
g17107.t1	BEL-2-I_HM#BEL	23.438	128	96	1	119	246	522	899	1.89e-06	53.1
g17107.t1	Copia-5_SI-I#Copia	25.521	192	115	6	341	531	848	1342	2.02e-06	52.8
g17107.t1	Copia-79_ALY-I#Copia	26.020	196	123	7	341	531	819	1355	2.07e-06	52.8
g17107.t1	BEL-2_FoCa-I#BEL	25.461	271	172	9	106	364	382	1140	2.21e-06	52.8
g17107.t1	ATCOPIA76_I#Copia	25.175	143	91	4	341	482	815	1198	2.36e-06	52.8
g17107.t1	Copia-18_GR-I#Copia	25.907	193	129	6	341	525	874	1434	2.45e-06	52.4
g17107.t1	Copia-12_ALY-I#Copia	28.169	142	76	3	341	482	919	1266	2.55e-06	52.4
g17107.t1	BEL-13_SI-I#BEL	22.346	179	131	4	124	301	749	1264	2.56e-06	52.4
g17107.t1	Copia-69_GM-I#Copia	25.500	200	121	7	341	531	754	1296	2.63e-06	52.4
g17107.t1	Copia-14_LH-I#Copia	27.368	190	120	5	341	530	824	1339	2.77e-06	52.4
g17107.t1	Copia-127_AA-I#Copia	23.868	243	150	8	302	528	540	1211	2.78e-06	52.4
g17107.t1	BEL-14_DAzt-I#BEL	25.000	272	187	9	100	360	1728	2525	2.78e-06	52.4
g17107.t1	BEL-724_AA-I#BEL	24.573	293	194	11	80	364	550	1371	2.80e-06	52.4
g17107.t1	Copia-70_ALY-I#Copia	34.677	124	69	4	410	530	1407	1751	3.23e-06	52.4
g17107.t1	Copia-56_MN-I#Copia	26.842	190	116	4	341	530	789	1289	3.29e-06	52.0
g17107.t1	Copia-55_GR-I#Copia	36.170	94	54	3	410	503	1074	1337	3.37e-06	52.0
g17107.t1	Copia-18_NN-I#Copia	28.125	192	106	5	341	530	851	1336	3.42e-06	52.0
g17107.t1	SHACOP18_I_MT#Copia	35.821	67	38	1	416	482	979	1164	3.64e-06	52.0
g17107.t1	Copia-49_ECa-I#Copia	25.628	199	131	7	331	529	927	1472	3.75e-06	52.0
g17107.t1	Copia-134_BRa-I#Copia	27.027	148	80	6	340	482	800	1174	3.86e-06	52.0
g17107.t1	ATCOPIA87_I#Copia	30.612	147	84	5	336	482	769	1155	3.96e-06	52.0
g17107.t1	Copia-71_ALY-I#Copia	28.571	147	91	4	336	482	800	1198	4.03e-06	52.0
g17107.t1	Copia-69_AA-I#Copia	37.079	89	56	0	416	504	979	1245	4.03e-06	52.0
g17107.t1	Copia-1_ECa-I#Copia	25.862	232	131	7	302	525	863	1459	4.04e-06	52.0
g17107.t1	BEL-30_CGi-I#BEL	26.111	180	123	6	126	301	886	1407	4.06e-06	52.0
g17107.t1	Copia-20_SB-I#Copia	32.456	114	71	2	417	528	1130	1459	4.26e-06	51.6
g17107.t1	BEL-1_SSa-I#BEL	24.164	269	179	7	121	375	1782	2555	4.33e-06	52.0
g17107.t1	Copia-25_RC-I#Copia	26.531	147	77	4	341	482	906	1268	4.34e-06	51.6
g17107.t1	Copia-4_RC-I#Copia	25.352	142	73	4	341	482	784	1110	4.35e-06	51.6
g17107.t1	Copia-17_RC-I#Copia	31.544	149	71	6	338	482	717	1082	4.45e-06	51.6
g17107.t1	Copia-22_TC-I#Copia	23.631	347	218	11	198	528	323	1270	4.62e-06	51.6
g17107.t1	Copia-34_ZM-I#Copia	27.556	225	132	10	325	536	861	1481	4.70e-06	51.6
g17107.t1	BEL-763_AA-I#BEL	25.094	267	152	10	122	354	1062	1820	5.10e-06	51.6
g17107.t1	Copia-184_AA-I#Copia	20.996	281	190	5	256	528	540	1310	5.13e-06	51.6
g17107.t1	BEL-607_AA-I#BEL	25.000	240	151	9	123	346	1112	1792	5.15e-06	51.6
g17107.t1	BEL-8_DSer-I#BEL	26.875	160	105	4	124	278	2672	3130	5.16e-06	51.6
g17107.t1	Copia-52_GM-I#Copia	29.530	149	79	7	335	482	1761	2132	5.30e-06	51.6
g17107.t1	BEL-15_DTa-I#BEL	23.077	169	126	2	125	293	1057	1551	5.41e-06	51.6
g17107.t1	BEL-762_AA-I#BEL	22.000	250	172	8	123	360	1142	1858	5.75e-06	51.6
g17107.t1	Copia-70B_ALy-I#Copia	34.884	129	71	5	406	530	1403	1762	5.77e-06	51.2
g17107.t1	BEL-7_LH-I#BEL	23.450	371	244	12	4	360	195	1229	5.80e-06	51.2
g17107.t1	Copia2-I_Dmoj#Copia	25.175	143	81	6	341	482	829	1182	5.81e-06	51.2
g17107.t1	Copia-2_ATr-I#Copia	21.244	193	129	3	337	525	734	1255	5.87e-06	51.2
g17107.t1	BEL-728_AA-I#BEL	23.346	257	183	8	105	360	1160	1891	5.92e-06	51.2
g17107.t1	BEL-17_CQ-I#BEL	21.457	247	175	8	119	360	479	1177	6.09e-06	51.2
g17107.t1	Copia5-NVi_I#Copia	29.870	154	90	7	341	482	759	1202	6.31e-06	51.2
g17107.t1	BEL-39_DRe-I#BEL	22.857	280	176	10	109	363	1747	2541	6.48e-06	51.2
g17107.t1	Copia-161_CCri-I#Copia	26.136	176	116	6	337	506	750	1253	6.74e-06	51.2
g17107.t1	Copia-4_PAb-I#Copia	26.667	150	91	5	336	482	1183	1584	6.76e-06	51.2
g17107.t1	Copia-36_BRa-I#Copia	26.946	167	104	3	316	482	790	1236	6.82e-06	51.2
g17107.t1	Copia-94_ALy-I#Copia	27.219	169	85	4	341	503	924	1334	6.82e-06	50.8
g17107.t1	Copia-54_NS-I#Copia	22.977	309	195	12	234	530	528	1361	6.84e-06	51.2
g17107.t1	Copia-6_GM-I#Copia	27.703	148	96	5	389	530	902	1330	7.18e-06	51.2
g17107.t1	Copia-22_AT-I#Copia	28.169	142	76	5	341	482	808	1155	7.95e-06	50.8
g17107.t1	Copia-18_HAE-I#Copia	27.586	145	97	2	341	482	683	1102	7.98e-06	50.8
g17107.t1	Copia-3_SMo-I#Copia	27.232	224	136	8	314	518	659	1306	8.33e-06	50.8
g17107.t1	Copia-20_EPa-I#Copia	26.396	197	101	8	341	530	827	1306	8.60e-06	50.8
g17107.t1	BEL-12_CQ-I#BEL	24.746	295	184	11	2	284	816	1622	8.79e-06	50.8
g17107.t1	Copia-25_GR-I#Copia	27.381	168	104	5	341	503	843	1307	8.98e-06	50.8
g17107.t1	Copia-4_Cia-I#Copia	31.452	124	75	3	413	530	1149	1508	9.00e-06	50.8
g17107.t1	Copia-6_ALY-I#Copia	24.607	191	120	4	341	531	776	1276	9.16e-06	50.8
g17107.t1	BEL-248_AA-I#BEL	23.707	232	149	9	144	360	746	1402	9.25e-06	50.8
g17107.t1	Copia-71_CCri-I#Copia	25.000	192	127	5	341	531	791	1318	9.58e-06	50.4
g17107.t1	BEL-2-I_NV#BEL	24.684	158	108	3	124	273	530	994	9.77e-06	50.8
