aub	s2249	germ_ovaries	103.235077	female	adult
AGO3_2	s7720	germ_ovaries	74.228691	female	adult
AGO3_1	s8165	germ_ovaries	277.159790	female	adult
vasa	s8732	germ_ovaries	14.534237	female	adult
aub	s2249	germ_ovaries	133.204010	female	adult
AGO3_2	s7720	germ_ovaries	85.860710	female	adult
AGO3_1	s8165	germ_ovaries	291.954803	female	adult
vasa	s8732	germ_ovaries	9.368282	female	adult
aub	s2249	germ_ovaries	201.498337	female	adult
AGO3_2	s7720	germ_ovaries	84.767563	female	adult
AGO3_1	s8165	germ_ovaries	294.439667	female	adult
vasa	s8732	germ_ovaries	21.290024	female	adult
aub	s2249	soma_carcass	62.595901	gynogenic_female	adult
AGO3_2	s7720	soma_carcass	18.556778	gynogenic_female	adult
AGO3_1	s8165	soma_carcass	54.654240	gynogenic_female	adult
vasa	s8732	soma_carcass	3.297549	gynogenic_female	adult
aub	s2249	soma_carcass	27.136301	gynogenic_female	adult
AGO3_2	s7720	soma_carcass	26.513800	gynogenic_female	adult
AGO3_1	s8165	soma_carcass	70.045013	gynogenic_female	adult
vasa	s8732	soma_carcass	4.022206	gynogenic_female	adult
aub	s2249	soma_carcass	48.437458	gynogenic_female	adult
AGO3_2	s7720	soma_carcass	22.628613	gynogenic_female	adult
AGO3_1	s8165	soma_carcass	77.865662	gynogenic_female	adult
vasa	s8732	soma_carcass	4.487347	gynogenic_female	adult
aub	s2249	germ_ovaries	247.662445	female	adult
AGO3_2	s7720	germ_ovaries	108.488808	female	adult
AGO3_1	s8165	germ_ovaries	306.842743	female	adult
vasa	s8732	germ_ovaries	15.372624	female	adult
AGO3_2	s7720	germ_testes	38.547134	male	adult
AGO3_1	s8165	germ_testes	5.657700	male	adult
vasa	s8732	germ_testes	1.156381	male	adult
aub	s2249	germ_ovaries	371.342377	female	adult
AGO3_2	s7720	germ_ovaries	97.777969	female	adult
AGO3_1	s8165	germ_ovaries	304.821991	female	adult
vasa	s8732	germ_ovaries	101.315453	female	adult
aub	s2249	germ_ovaries	251.190445	female	adult
AGO3_2	s7720	germ_ovaries	98.617691	female	adult
AGO3_1	s8165	germ_ovaries	309.073914	female	adult
vasa	s8732	germ_ovaries	20.316589	female	adult
aub	s2249	soma_carcass	71.535339	androgenic_female	adult
AGO3_2	s7720	soma_carcass	47.609734	androgenic_female	adult
AGO3_1	s8165	soma_carcass	118.857330	androgenic_female	adult
vasa	s8732	soma_carcass	110.738739	androgenic_female	adult
aub	s2249	soma_carcass	108.512527	androgenic_female	adult
AGO3_2	s7720	soma_carcass	60.424938	androgenic_female	adult
AGO3_1	s8165	soma_carcass	168.046631	androgenic_female	adult
vasa	s8732	soma_carcass	17.552847	androgenic_female	adult
aub	s2249	soma_carcass	44.326935	androgenic_female	adult
AGO3_2	s7720	soma_carcass	35.077263	androgenic_female	adult
AGO3_1	s8165	soma_carcass	92.126434	androgenic_female	adult
vasa	s8732	soma_carcass	88.951729	androgenic_female	adult
aub	s2249	germ_testes	0.223480	male	adult
AGO3_2	s7720	germ_testes	40.706478	male	adult
AGO3_1	s8165	germ_testes	7.025620	male	adult
vasa	s8732	germ_testes	1.471662	male	adult
aub	s2249	germ_testes	0.357837	male	adult
AGO3_2	s7720	germ_testes	36.103374	male	adult
AGO3_1	s8165	germ_testes	12.698251	male	adult
vasa	s8732	germ_testes	3.037448	male	adult
AGO3_2	s7720	soma_carcass	3.687213	male	adult
vasa	s8732	soma_carcass	0.332771	male	adult
AGO3_2	s7720	soma_carcass	3.484910	male	adult
vasa	s8732	soma_carcass	1.134730	male	adult
AGO3_2	s7720	soma_carcass	4.837027	male	adult
vasa	s8732	soma_carcass	1.192305	male	adult
AGO3_2	s7720	soma_carcass	4.301286	female	late-larva-early-pupa
vasa	s8732	soma_carcass	3.241309	female	late-larva-early-pupa
AGO3_2	s7720	soma_carcass	4.089321	female	late-larva-early-pupa
vasa	s8732	soma_carcass	1.279774	female	late-larva-early-pupa
aub	s2249	germ_ovaries	138.363251	female	0-4h
AGO3_2	s7720	germ_ovaries	122.238907	female	0-4h
AGO3_1	s8165	germ_ovaries	183.016266	female	0-4h
vasa	s8732	germ_ovaries	70.777969	female	0-4h
aub	s2249	germ_ovaries	142.295013	female	0-4h
AGO3_2	s7720	germ_ovaries	119.844322	female	0-4h
AGO3_1	s8165	germ_ovaries	201.527573	female	0-4h
vasa	s8732	germ_ovaries	10.905166	female	0-4h
aub	s2249	germ_ovaries	140.311111	female	0-4h
AGO3_2	s7720	germ_ovaries	119.475220	female	0-4h
AGO3_1	s8165	germ_ovaries	219.363968	female	0-4h
vasa	s8732	germ_ovaries	25.355965	female	0-4h
aub	s2249	germ_ovaries	72.579185	female	late-larva-early-pupa
AGO3_2	s7720	germ_ovaries	19.105917	female	late-larva-early-pupa
AGO3_1	s8165	germ_ovaries	180.636688	female	late-larva-early-pupa
vasa	s8732	germ_ovaries	34.449162	female	late-larva-early-pupa
aub	s2249	germ_ovaries	47.719910	female	late-larva-early-pupa
AGO3_2	s7720	germ_ovaries	19.019190	female	late-larva-early-pupa
AGO3_1	s8165	germ_ovaries	166.203857	female	late-larva-early-pupa
vasa	s8732	germ_ovaries	29.850275	female	late-larva-early-pupa
aub	s2249	germ_ovaries	36.726299	female	late-larva-early-pupa
AGO3_2	s7720	germ_ovaries	10.994046	female	late-larva-early-pupa
AGO3_1	s8165	germ_ovaries	86.613663	female	late-larva-early-pupa
vasa	s8732	germ_ovaries	31.750242	female	late-larva-early-pupa
aub	s2249	germ_ovaries	48.517662	female	4-8h
AGO3_2	s7720	germ_ovaries	111.464569	female	4-8h
AGO3_1	s8165	germ_ovaries	111.691292	female	4-8h
vasa	s8732	germ_ovaries	7.243850	female	4-8h
aub	s2249	germ_ovaries	48.125763	female	4-8h
AGO3_2	s7720	germ_ovaries	104.418098	female	4-8h
AGO3_1	s8165	germ_ovaries	105.942207	female	4-8h
vasa	s8732	germ_ovaries	5.927402	female	4-8h
aub	s2249	germ_ovaries	20.186218	female	4-8h
AGO3_2	s7720	germ_ovaries	122.357040	female	4-8h
AGO3_1	s8165	germ_ovaries	89.179184	female	4-8h
vasa	s8732	germ_ovaries	8.708162	female	4-8h
AGO3_2	s7720	soma_carcass	4.223143	male	late-larva-early-pupa
vasa	s8732	soma_carcass	3.244419	male	late-larva-early-pupa
AGO3_2	s7720	soma_carcass	3.640593	male	late-larva-early-pupa
vasa	s8732	soma_carcass	2.427050	male	late-larva-early-pupa
AGO3_2	s7720	soma_carcass	3.068825	male	late-larva-early-pupa
aub	s2249	germ_testes	75.828583	male	0-4h
AGO3_2	s7720	germ_testes	109.493805	male	0-4h
AGO3_1	s8165	germ_testes	203.184280	male	0-4h
vasa	s8732	germ_testes	26.843111	male	0-4h
aub	s2249	germ_testes	80.911674	male	0-4h
AGO3_2	s7720	germ_testes	114.361397	male	0-4h
AGO3_1	s8165	germ_testes	215.292908	male	0-4h
vasa	s8732	germ_testes	44.265968	male	0-4h
aub	s2249	germ_testes	52.402340	male	0-4h
AGO3_2	s7720	germ_testes	124.217377	male	0-4h
AGO3_1	s8165	germ_testes	193.763397	male	0-4h
vasa	s8732	germ_testes	5.172323	male	0-4h
aub	s2249	germ_testes	6.894524	male	late-larva-early-pupa
AGO3_2	s7720	germ_testes	45.040291	male	late-larva-early-pupa
AGO3_1	s8165	germ_testes	103.029121	male	late-larva-early-pupa
AGO3_1	s8165	germ_testes	6.046277	male	late-larva-early-pupa
vasa	s8732	germ_testes	5.420286	male	late-larva-early-pupa
aub	s2249	germ_testes	0.280441	male	late-larva-early-pupa
AGO3_2	s7720	germ_testes	46.292088	male	late-larva-early-pupa
AGO3_1	s8165	germ_testes	94.297646	male	late-larva-early-pupa
vasa	s8732	germ_testes	4.273304	male	late-larva-early-pupa
aub	s2249	germ_testes	4.833908	male	late-larva-early-pupa
AGO3_2	s7720	germ_testes	45.707943	male	late-larva-early-pupa
AGO3_1	s8165	germ_testes	80.840576	male	late-larva-early-pupa
AGO3_1	s8165	germ_testes	3.182392	male	late-larva-early-pupa
vasa	s8732	germ_testes	5.347116	male	late-larva-early-pupa
aub	s2249	germ_testes	12.052914	male	4-8h
AGO3_2	s7720	germ_testes	114.239349	male	4-8h
AGO3_1	s8165	germ_testes	87.548439	male	4-8h
vasa	s8732	germ_testes	8.777740	male	4-8h
aub	s2249	germ_testes	21.296772	male	4-8h
AGO3_2	s7720	germ_testes	115.692780	male	4-8h
AGO3_1	s8165	germ_testes	94.888313	male	4-8h
vasa	s8732	germ_testes	3.140343	male	4-8h
aub	s2249	germ_testes	12.731886	male	4-8h
AGO3_2	s7720	germ_testes	106.381294	male	4-8h
AGO3_1	s8165	germ_testes	82.441963	male	4-8h
vasa	s8732	germ_testes	48.592236	male	4-8h
